# WaveFront *.obj file (generated by Autodesk ATF)

mtllib mp3fusion.mtl

g Body1

v 6.887605 -0.200000 4.979297
v 6.913805 -0.196236 4.990743
v 6.938220 -0.185200 5.001410
v 6.959185 -0.167644 5.010569
v 6.975272 -0.144766 5.017597
v 6.985385 -0.118122 5.022016
v 6.988835 -0.089531 5.023523
v 6.840648 -0.089531 5.308344
v 6.649029 -0.089531 5.569196
v 6.413541 -0.089531 5.793541
v 6.143933 -0.089531 5.972661
v 5.853605 -0.089531 6.107496
v 5.552433 -0.089531 6.206222
v 5.246138 -0.089531 6.276914
v 4.938019 -0.089531 6.326220
v 4.319815 -0.089531 6.378834
v 3.703841 -0.089531 6.390690
v 3.094214 -0.089531 6.395014
v 2.779832 -0.089531 6.389355
v 2.464390 -0.089531 6.352834
v 2.153842 -0.089531 6.280335
v 1.853476 -0.089531 6.167926
v 1.571112 -0.089531 6.011574
v 1.317038 -0.089531 5.809155
v 1.103471 -0.089531 5.563031
v 0.939875 -0.089531 5.281304
v 0.829222 -0.089531 4.976472
v 0.769442 -0.089531 4.660098
v 0.754256 -0.089531 4.340828
v 0.777523 -0.089531 4.023752
v 0.833628 -0.089531 3.712245
v 0.918046 -0.089531 3.408438
v 1.028705 -0.089531 3.113227
v 1.165909 -0.089531 2.828450
v 1.332901 -0.089531 2.557632
v 1.537360 -0.089531 2.308008
v 1.657553 -0.089531 2.195704
v 1.792230 -0.089531 2.096748
v 1.942809 -0.089531 2.016894
v 2.107518 -0.089531 1.963442
v 2.279680 -0.089531 1.942107
v 2.449894 -0.089531 1.951193
v 2.766542 -0.089531 2.028862
v 3.055847 -0.089531 2.131267
v 3.332243 -0.089531 2.205064
v 3.467558 -0.089531 2.216305
v 3.600107 -0.089531 2.205225
v 3.728854 -0.089531 2.170467
v 3.852704 -0.089531 2.113967
v 4.083913 -0.089531 1.951461
v 4.296037 -0.089531 1.748437
v 4.697214 -0.089531 1.294396
v 4.904195 -0.089531 1.063688
v 5.131020 -0.089531 0.842906
v 5.257665 -0.089531 0.741330
v 5.398154 -0.089531 0.651258
v 5.557408 -0.089531 0.581703
v 5.644693 -0.089531 0.559348
v 5.735901 -0.089531 0.548546
v 5.828858 -0.089531 0.551286
v 5.919721 -0.089531 0.567847
v 6.086857 -0.089531 0.634864
v 6.229710 -0.089531 0.731636
v 6.352034 -0.089531 0.845309
v 6.553121 -0.089531 1.099372
v 6.714539 -0.089531 1.373131
v 6.848046 -0.089531 1.658110
v 6.959542 -0.089531 1.950547
v 7.052071 -0.089531 2.248842
v 7.126970 -0.089531 2.551766
v 7.184492 -0.089531 2.858349
v 7.224253 -0.089531 3.167852
v 7.245199 -0.089531 3.479659
v 7.245716 -0.089531 3.792938
v 7.223345 -0.089531 4.106162
v 7.175523 -0.089531 4.417717
v 7.098784 -0.089531 4.724883
v 6.993079 -0.200000 4.692688
v 7.067166 -0.200000 4.396146
v 7.113540 -0.200000 4.094032
v 7.135293 -0.200000 3.789237
v 7.134794 -0.200000 3.483547
v 7.114313 -0.200000 3.178666
v 7.019016 -0.200000 2.575216
v 6.945633 -0.200000 2.278420
v 6.855075 -0.200000 1.986474
v 6.746244 -0.200000 1.701001
v 6.616589 -0.200000 1.424219
v 6.461385 -0.200000 1.160941
v 6.272030 -0.200000 0.921494
v 6.160130 -0.200000 0.817464
v 6.033806 -0.200000 0.731748
v 5.892307 -0.200000 0.674835
v 5.817279 -0.200000 0.661146
v 5.740943 -0.200000 0.658899
v 5.665174 -0.200000 0.667896
v 5.591191 -0.200000 0.686871
v 5.451327 -0.200000 0.748103
v 5.203583 -0.200000 0.926203
v 4.984664 -0.200000 1.139407
v 4.780626 -0.200000 1.366835
v 4.376033 -0.200000 1.824636
v 4.155453 -0.200000 2.035666
v 3.905535 -0.200000 2.210987
v 3.766649 -0.200000 2.274270
v 3.619283 -0.200000 2.314016
v 3.467260 -0.200000 2.326701
v 3.314970 -0.200000 2.314160
v 3.020000 -0.200000 2.235819
v 2.731698 -0.200000 2.133740
v 2.435400 -0.200000 2.060711
v 2.283020 -0.200000 2.052503
v 2.131534 -0.200000 2.071268
v 1.986340 -0.200000 2.118408
v 1.851495 -0.200000 2.189992
v 1.728459 -0.200000 2.280449
v 1.616751 -0.200000 2.384823
v 1.423304 -0.200000 2.621130
v 1.263000 -0.200000 2.881154
v 1.130348 -0.200000 3.156508
v 1.023075 -0.200000 3.442684
v 0.941288 -0.200000 3.736999
v 0.887118 -0.200000 4.037828
v 0.864739 -0.200000 4.342579
v 0.879201 -0.200000 4.647589
v 0.935881 -0.200000 4.947707
v 1.040032 -0.200000 5.234815
v 1.193326 -0.200000 5.498817
v 1.393328 -0.200000 5.729282
v 1.632184 -0.200000 5.919536
v 1.899376 -0.200000 6.067437
v 2.185522 -0.200000 6.174503
v 2.483089 -0.200000 6.243957
v 2.786714 -0.200000 6.279103
v 3.092353 -0.200000 6.284561
v 3.703923 -0.200000 6.280220
v 4.314730 -0.200000 6.268482
v 4.923699 -0.200000 6.216679
v 5.225309 -0.200000 6.168422
v 5.523226 -0.200000 6.099673
v 5.813627 -0.200000 6.004511
v 6.090509 -0.200000 5.875970
v 6.344855 -0.200000 5.707061
v 6.565912 -0.200000 5.496447
v 6.746599 -0.200000 5.250390
v 6.026436 -0.197828 5.934213
v 6.064672 -0.117025 6.010428
v 4.722992 -0.197828 6.261388
v 4.731304 -0.117025 6.346253
v 3.341091 -0.197828 6.302121
v 3.695197 -0.117025 6.387181
v 1.255712 -0.197828 5.614735
v 1.190522 -0.117025 5.669700
v 1.060203 -0.197828 5.324110
v 0.984926 -0.117025 5.364004
v 1.468191 -0.197828 2.523781
v 1.400807 -0.117025 2.471528
v 2.698457 -0.197828 2.100149
v 2.724092 -0.117025 2.018797
v 4.589857 -0.197828 1.554546
v 4.525438 -0.117025 1.498678
v 5.260397 -0.197828 0.850743
v 6.014385 -0.197828 0.697305
v 6.051736 -0.117025 0.620697
v 7.033511 -0.197828 2.540119
v 7.116735 -0.117025 2.521551
v 7.092473 -0.197828 2.845264
v 6.852460 -0.117025 5.282090
v 6.846013 -0.137629 5.278222
v 6.836181 -0.156319 5.272334
v 6.823353 -0.172384 5.264668
v 6.808070 -0.185200 5.255538
v 6.797394 -0.191361 5.249158
v 6.779285 -0.197828 5.238334
v 6.683697 -0.117025 5.522992
v 6.677874 -0.137629 5.518222
v 6.669009 -0.156319 5.510950
v 6.657462 -0.172384 5.501465
v 6.643710 -0.185200 5.490166
v 6.634100 -0.191361 5.482272
v 6.617797 -0.197828 5.468882
v 6.477702 -0.117025 5.735343
v 6.472761 -0.137629 5.729683
v 6.465222 -0.156319 5.721060
v 6.455383 -0.172384 5.709821
v 6.443660 -0.185200 5.696435
v 6.435471 -0.191361 5.687081
v 6.421581 -0.197828 5.671214
v 6.240823 -0.117025 5.911516
v 6.236814 -0.137629 5.905147
v 6.230711 -0.156319 5.895439
v 6.222766 -0.172384 5.882784
v 6.213303 -0.185200 5.867708
v 6.206690 -0.191361 5.857175
v 6.195472 -0.197828 5.839308
v 6.061281 -0.137629 6.003710
v 6.056129 -0.156319 5.993467
v 6.049433 -0.172384 5.980107
v 6.041463 -0.185200 5.964192
v 6.035891 -0.191361 5.953073
v 5.503838 -0.117025 6.215575
v 5.501930 -0.137629 6.208297
v 5.499036 -0.156319 6.197202
v 5.495283 -0.172384 6.182736
v 5.490817 -0.185200 6.165503
v 5.487695 -0.191361 6.153463
v 5.482395 -0.197828 6.133039
v 5.849890 -0.197828 6.013525
v 5.857757 -0.191361 6.033101
v 5.862395 -0.185200 6.044641
v 5.869033 -0.172384 6.061157
v 5.874606 -0.156319 6.075023
v 5.878878 -0.137629 6.085662
v 5.881680 -0.117025 6.092645
v 5.118618 -0.117025 6.296043
v 5.117391 -0.137629 6.288616
v 5.115525 -0.156319 6.277302
v 5.113097 -0.172384 6.262558
v 5.110207 -0.185200 6.244995
v 5.108186 -0.191361 6.232724
v 5.104758 -0.197828 6.211907
v 4.730573 -0.137629 6.338763
v 4.729456 -0.156319 6.327350
v 4.727999 -0.172384 6.312478
v 4.726263 -0.185200 6.294763
v 4.725049 -0.191361 6.282385
v 4.051481 -0.117025 6.384152
v 4.051325 -0.137629 6.376628
v 4.051089 -0.156319 6.365163
v 4.050782 -0.172384 6.350223
v 4.050416 -0.185200 6.332428
v 4.050160 -0.191361 6.319994
v 4.049727 -0.197828 6.298901
v 4.386522 -0.197828 6.286622
v 4.387660 -0.191361 6.307689
v 4.388331 -0.185200 6.320107
v 4.389288 -0.172384 6.337881
v 4.390093 -0.156319 6.352802
v 4.390720 -0.137629 6.364252
v 4.391136 -0.117025 6.371767
v 3.695200 -0.137629 6.379655
v 3.695209 -0.156319 6.368188
v 3.695225 -0.172384 6.353244
v 3.695244 -0.185200 6.335445
v 3.695258 -0.191361 6.323009
v 3.695279 -0.197828 6.301912
v 2.986220 -0.117025 6.392210
v 2.986242 -0.137629 6.384685
v 2.986272 -0.156319 6.373219
v 2.986307 -0.172384 6.358277
v 2.986348 -0.185200 6.340480
v 2.986377 -0.191361 6.328044
v 2.986428 -0.197828 6.306949
v 3.341299 -0.191361 6.323216
v 3.341423 -0.185200 6.335651
v 3.341600 -0.172384 6.353449
v 3.341748 -0.156319 6.368390
v 3.341858 -0.137629 6.379856
v 3.341927 -0.117025 6.387382
v 2.628721 -0.117025 6.372644
v 2.629551 -0.137629 6.365165
v 2.630829 -0.156319 6.353771
v 2.632508 -0.172384 6.338922
v 2.634511 -0.185200 6.321236
v 2.635909 -0.191361 6.308878
v 2.638278 -0.197828 6.287914
v 2.274212 -0.117025 6.309549
v 2.276024 -0.137629 6.302243
v 2.278779 -0.156319 6.291112
v 2.282363 -0.172384 6.276606
v 2.286632 -0.185200 6.259326
v 2.289615 -0.191361 6.247252
v 2.294676 -0.197828 6.226771
v 1.929900 -0.117025 6.197304
v 1.932786 -0.137629 6.190362
v 1.937174 -0.156319 6.179774
v 1.942878 -0.172384 6.165960
v 1.949669 -0.185200 6.149504
v 1.954416 -0.191361 6.138007
v 1.962470 -0.197828 6.118507
v 1.606088 -0.117025 6.030130
v 1.610095 -0.137629 6.023764
v 1.616221 -0.156319 6.014074
v 1.624229 -0.172384 6.001460
v 1.633774 -0.185200 5.986436
v 1.640440 -0.191361 5.975938
v 1.651744 -0.197828 5.958126
v 1.456026 -0.117025 5.924336
v 1.460643 -0.137629 5.918412
v 1.467686 -0.156319 5.909380
v 1.476876 -0.172384 5.897600
v 1.487825 -0.185200 5.883567
v 1.495473 -0.191361 5.873762
v 1.508447 -0.197828 5.857132
v 1.316735 -0.117025 5.804010
v 1.321966 -0.137629 5.798613
v 1.329918 -0.156319 5.790363
v 1.340259 -0.172384 5.779578
v 1.352572 -0.185200 5.766725
v 1.361178 -0.191361 5.757748
v 1.375781 -0.197828 5.742526
v 1.079598 -0.117025 5.522322
v 1.085803 -0.137629 5.518088
v 1.095283 -0.156319 5.511661
v 1.107670 -0.172384 5.503312
v 1.122433 -0.185200 5.493373
v 1.132744 -0.191361 5.486426
v 1.150229 -0.197828 5.474636
v 1.239581 -0.191361 5.628333
v 1.230072 -0.185200 5.636348
v 1.216462 -0.172384 5.647818
v 1.205037 -0.156319 5.657449
v 1.196272 -0.137629 5.664844
v 0.907011 -0.117025 5.197125
v 0.913990 -0.137629 5.194334
v 0.924619 -0.156319 5.190054
v 0.938465 -0.172384 5.184440
v 0.954955 -0.185200 5.177746
v 0.966477 -0.191361 5.173073
v 0.986025 -0.197828 5.165151
v 1.041573 -0.191361 5.333984
v 1.030590 -0.185200 5.339805
v 1.014867 -0.172384 5.348139
v 1.001670 -0.156319 5.355133
v 0.991556 -0.137629 5.360492
v 0.802314 -0.117025 4.846765
v 0.809684 -0.137629 4.845269
v 0.820919 -0.156319 4.842994
v 0.835567 -0.172384 4.840035
v 0.853016 -0.185200 4.836513
v 0.865207 -0.191361 4.834050
v 0.885886 -0.197828 4.829873
v 0.759579 -0.117025 4.486390
v 0.767096 -0.137629 4.486046
v 0.778551 -0.156319 4.485552
v 0.793483 -0.172384 4.484946
v 0.811270 -0.185200 4.484231
v 0.823698 -0.191361 4.483727
v 0.844779 -0.197828 4.482867
v 0.769637 -0.117025 4.126173
v 0.777122 -0.137629 4.126868
v 0.788534 -0.156319 4.127932
v 0.803417 -0.172384 4.129323
v 0.821148 -0.185200 4.130982
v 0.833536 -0.191361 4.132140
v 0.854547 -0.197828 4.134104
v 0.824101 -0.117025 3.771673
v 0.831464 -0.137629 3.773235
v 0.842683 -0.156319 3.775609
v 0.857303 -0.172384 3.778698
v 0.874718 -0.185200 3.782375
v 0.886886 -0.191361 3.784946
v 0.907528 -0.197828 3.789307
v 0.915825 -0.117025 3.426679
v 0.922988 -0.137629 3.428987
v 0.933904 -0.156319 3.432495
v 0.948134 -0.172384 3.437056
v 0.965085 -0.185200 3.442486
v 0.976929 -0.191361 3.446282
v 0.997019 -0.197828 3.452722
v 1.041362 -0.117025 3.092652
v 1.048264 -0.137629 3.095650
v 1.058781 -0.156319 3.100217
v 1.072490 -0.172384 3.106164
v 1.088820 -0.185200 3.113248
v 1.100230 -0.191361 3.118198
v 1.119585 -0.197828 3.126595
v 1.201140 -0.117025 2.772318
v 1.207678 -0.137629 2.776043
v 1.217637 -0.156319 2.781726
v 1.230613 -0.172384 2.789140
v 1.246068 -0.185200 2.797973
v 1.256868 -0.191361 2.804144
v 1.275188 -0.197828 2.814611
v 1.406760 -0.137629 2.476134
v 1.415825 -0.156319 2.483157
v 1.427632 -0.172384 2.492316
v 1.441694 -0.185200 2.503227
v 1.451521 -0.191361 2.510850
v 1.653435 -0.117025 2.203766
v 1.658300 -0.137629 2.209501
v 1.665711 -0.156319 2.218246
v 1.675370 -0.172384 2.229653
v 1.686874 -0.185200 2.243243
v 1.694912 -0.191361 2.252738
v 1.708548 -0.197828 2.268842
v 1.581586 -0.197828 2.390299
v 1.566178 -0.191361 2.375887
v 1.557093 -0.185200 2.367393
v 1.544090 -0.172384 2.355238
v 1.533175 -0.156319 2.345031
v 1.524810 -0.137629 2.337189
v 1.519326 -0.117025 2.332035
v 1.888879 -0.117025 2.045837
v 1.892279 -0.137629 2.052550
v 1.897445 -0.156319 2.062786
v 1.904160 -0.172384 2.076135
v 1.912154 -0.185200 2.092037
v 1.917741 -0.191361 2.103148
v 1.927223 -0.197828 2.121993
v 2.023348 -0.117025 1.990217
v 2.025657 -0.137629 1.997373
v 2.029198 -0.156319 2.008273
v 2.033841 -0.172384 2.022475
v 2.039378 -0.185200 2.039391
v 2.043244 -0.191361 2.051211
v 2.049796 -0.197828 2.071262
v 2.165862 -0.117025 1.956056
v 2.167046 -0.137629 1.963482
v 2.168826 -0.156319 1.974804
v 2.171118 -0.172384 1.989568
v 2.173841 -0.185200 2.007156
v 2.175747 -0.191361 2.019444
v 2.178986 -0.197828 2.040287
v 2.311637 -0.117025 1.945134
v 2.311594 -0.137629 1.952657
v 2.311547 -0.156319 1.964120
v 2.311509 -0.172384 1.979062
v 2.311470 -0.185200 1.996860
v 2.311439 -0.191361 2.009296
v 2.311383 -0.197828 2.030391
v 2.454764 -0.117025 1.955387
v 2.453767 -0.137629 1.962843
v 2.452229 -0.156319 1.974204
v 2.450201 -0.172384 1.989009
v 2.447778 -0.185200 2.006645
v 2.446089 -0.191361 2.018967
v 2.443227 -0.197828 2.039870
v 2.959715 -0.117025 2.100971
v 2.957157 -0.137629 2.108050
v 2.953260 -0.156319 2.118835
v 2.948182 -0.172384 2.132889
v 2.942133 -0.185200 2.149628
v 2.937907 -0.191361 2.161325
v 2.930738 -0.197828 2.181167
v 2.704810 -0.191361 2.080024
v 2.708557 -0.185200 2.068160
v 2.713927 -0.172384 2.051184
v 2.718429 -0.156319 2.036930
v 2.721858 -0.137629 2.025985
v 3.184773 -0.117025 2.175615
v 3.182787 -0.137629 2.182876
v 3.179724 -0.156319 2.193930
v 3.175688 -0.172384 2.208326
v 3.170869 -0.185200 2.225472
v 3.167508 -0.191361 2.237454
v 3.161813 -0.197828 2.257780
v 3.404802 -0.117025 2.217194
v 3.404207 -0.137629 2.224680
v 3.403305 -0.156319 2.236096
v 3.402134 -0.172384 2.250985
v 3.400740 -0.185200 2.268722
v 3.399765 -0.191361 2.281114
v 3.398111 -0.197828 2.302133
v 3.512806 -0.117025 2.218710
v 3.513269 -0.137629 2.226211
v 3.513938 -0.156319 2.237647
v 3.514766 -0.172384 2.252562
v 3.515744 -0.185200 2.270329
v 3.516432 -0.191361 2.282742
v 3.517606 -0.197828 2.303798
v 3.619003 -0.117025 2.205210
v 3.620484 -0.137629 2.212587
v 3.622749 -0.156319 2.223827
v 3.625713 -0.172384 2.238473
v 3.629246 -0.185200 2.255918
v 3.631714 -0.191361 2.268107
v 3.635897 -0.197828 2.288785
v 3.814435 -0.117025 2.137718
v 3.817693 -0.137629 2.144489
v 3.822685 -0.156319 2.154801
v 3.829228 -0.172384 2.168237
v 3.837029 -0.185200 2.184240
v 3.842476 -0.191361 2.195422
v 3.851709 -0.197828 2.214391
v 3.997095 -0.117025 2.025035
v 4.001565 -0.137629 2.031091
v 4.008384 -0.156319 2.040310
v 4.017282 -0.172384 2.052315
v 4.027883 -0.185200 2.066613
v 4.035289 -0.191361 2.076605
v 4.047850 -0.197828 2.093556
v 4.166855 -0.117025 1.881998
v 4.172002 -0.137629 1.887488
v 4.179842 -0.156319 1.895857
v 4.190055 -0.172384 1.906766
v 4.202220 -0.185200 1.919763
v 4.210720 -0.191361 1.928843
v 4.225141 -0.197828 1.944245
v 4.326883 -0.117025 1.720881
v 4.332367 -0.137629 1.726037
v 4.340733 -0.156319 1.733880
v 4.351650 -0.172384 1.744087
v 4.364656 -0.185200 1.756242
v 4.373742 -0.191361 1.764736
v 4.389154 -0.197828 1.779148
v 4.723281 -0.117025 1.269793
v 4.728944 -0.137629 1.274751
v 4.737579 -0.156319 1.282297
v 4.748838 -0.172384 1.292123
v 4.762252 -0.185200 1.303824
v 4.771623 -0.191361 1.312001
v 4.787519 -0.197828 1.325873
v 4.573919 -0.191361 1.540723
v 4.564523 -0.185200 1.532575
v 4.551077 -0.172384 1.520913
v 4.539788 -0.156319 1.511122
v 4.531125 -0.137629 1.503610
v 4.929258 -0.117025 1.042287
v 4.934699 -0.137629 1.047489
v 4.942993 -0.156319 1.055409
v 4.953808 -0.172384 1.065728
v 4.966691 -0.185200 1.078017
v 4.975691 -0.191361 1.086605
v 4.990959 -0.197828 1.101173
v 5.207512 -0.117025 0.783852
v 5.212180 -0.137629 0.789755
v 5.219292 -0.156319 0.798750
v 5.228560 -0.172384 0.810472
v 5.239599 -0.185200 0.824436
v 5.247312 -0.191361 0.834193
v 5.369374 -0.117025 0.671688
v 5.373198 -0.137629 0.678168
v 5.379025 -0.156319 0.688042
v 5.386619 -0.172384 0.700914
v 5.395666 -0.185200 0.716245
v 5.401987 -0.191361 0.726958
v 5.412709 -0.197828 0.745129
v 5.558615 -0.117025 0.585008
v 5.560909 -0.137629 0.592163
v 5.564407 -0.156319 0.603073
v 5.568964 -0.172384 0.617304
v 5.574393 -0.185200 0.634257
v 5.578189 -0.191361 0.646100
v 5.584628 -0.197828 0.666189
v 5.678901 -0.117025 0.557294
v 5.679874 -0.137629 0.564752
v 5.681393 -0.156319 0.576114
v 5.683417 -0.172384 0.590919
v 5.685838 -0.185200 0.608554
v 5.687525 -0.191361 0.620876
v 5.690378 -0.197828 0.641778
v 5.807658 -0.117025 0.552939
v 5.807108 -0.137629 0.560443
v 5.806284 -0.156319 0.571878
v 5.805228 -0.172384 0.586783
v 5.803974 -0.185200 0.604538
v 5.803096 -0.191361 0.616944
v 5.801603 -0.197828 0.637987
v 5.934101 -0.117025 0.575411
v 5.932117 -0.137629 0.582650
v 5.929046 -0.156319 0.593681
v 5.924986 -0.172384 0.608059
v 5.920137 -0.185200 0.625185
v 5.916757 -0.191361 0.637151
v 5.911031 -0.197828 0.657449
v 6.251808 -0.117025 0.754643
v 6.246906 -0.137629 0.760350
v 6.239439 -0.156319 0.769051
v 6.229713 -0.172384 0.780398
v 6.218129 -0.185200 0.793916
v 6.210035 -0.191361 0.803361
v 6.196303 -0.197828 0.819380
v 6.023622 -0.191361 0.678344
v 6.029066 -0.185200 0.667165
v 6.036855 -0.172384 0.651161
v 6.043397 -0.156319 0.637729
v 6.048427 -0.137629 0.627439
v 6.413720 -0.117025 0.919399
v 6.407969 -0.137629 0.924253
v 6.399209 -0.156319 0.931651
v 6.387795 -0.172384 0.941298
v 6.374200 -0.185200 0.952788
v 6.364700 -0.191361 0.960817
v 6.348585 -0.197828 0.974435
v 6.621517 -0.117025 1.213835
v 6.615058 -0.137629 1.217698
v 6.605221 -0.156319 1.223590
v 6.592405 -0.172384 1.231276
v 6.577141 -0.185200 1.240433
v 6.566475 -0.191361 1.246831
v 6.548381 -0.197828 1.257681
v 6.786713 -0.117025 1.527894
v 6.779882 -0.137629 1.531054
v 6.769477 -0.156319 1.535872
v 6.755918 -0.172384 1.542154
v 6.739768 -0.185200 1.549638
v 6.728483 -0.191361 1.554867
v 6.709340 -0.197828 1.563736
v 6.889637 -0.117025 1.769971
v 6.882629 -0.137629 1.772716
v 6.871949 -0.156319 1.776890
v 6.858026 -0.172384 1.782318
v 6.841442 -0.185200 1.788781
v 6.829854 -0.191361 1.793298
v 6.810198 -0.197828 1.800963
v 6.978124 -0.117025 2.016823
v 6.970971 -0.137629 2.019165
v 6.960076 -0.156319 2.022740
v 6.945880 -0.172384 2.027406
v 6.928972 -0.185200 2.032966
v 6.917157 -0.191361 2.036850
v 6.897114 -0.197828 2.043438
v 7.053608 -0.117025 2.267552
v 7.046354 -0.137629 2.269554
v 7.035298 -0.156319 2.272595
v 7.020886 -0.172384 2.276545
v 7.003719 -0.185200 2.281249
v 6.991725 -0.191361 2.284536
v 6.971378 -0.197828 2.290116
v 7.176623 -0.117025 2.831490
v 7.169197 -0.137629 2.832715
v 7.157881 -0.156319 2.834573
v 7.143134 -0.172384 2.836984
v 7.125568 -0.185200 2.839853
v 7.113294 -0.191361 2.841859
v 7.054102 -0.191361 2.535522
v 7.066240 -0.185200 2.532812
v 7.083612 -0.172384 2.528931
v 7.098196 -0.156319 2.525675
v 7.109388 -0.137629 2.523183
v 7.218388 -0.117025 3.144530
v 7.210901 -0.137629 3.145291
v 7.199494 -0.156319 3.146458
v 7.184630 -0.172384 3.147990
v 7.166924 -0.185200 3.149817
v 7.154553 -0.191361 3.151092
v 7.133567 -0.197828 3.153254
v 7.240952 -0.117025 3.459898
v 7.233433 -0.137629 3.460209
v 7.221976 -0.156319 3.460672
v 7.207044 -0.172384 3.461259
v 7.189258 -0.185200 3.461955
v 7.176830 -0.191361 3.462443
v 7.155749 -0.197828 3.463273
v 7.242714 -0.117025 3.776901
v 7.235196 -0.137629 3.776670
v 7.223737 -0.156319 3.776322
v 7.208798 -0.172384 3.775877
v 7.191003 -0.185200 3.775348
v 7.178569 -0.191361 3.774977
v 7.157479 -0.197828 3.774348
v 7.221163 -0.117025 4.093899
v 7.213684 -0.137629 4.093070
v 7.202285 -0.156319 4.091828
v 7.187426 -0.172384 4.090234
v 7.169727 -0.185200 4.088341
v 7.157360 -0.191361 4.087016
v 7.136383 -0.197828 4.084763
v 7.173645 -0.117025 4.409132
v 7.166259 -0.137629 4.407699
v 7.155006 -0.156319 4.405499
v 7.140342 -0.172384 4.402615
v 7.122876 -0.185200 4.399175
v 7.110671 -0.191361 4.396773
v 7.089968 -0.197828 4.392702
v 7.096586 -0.117025 4.720040
v 7.089398 -0.137629 4.717833
v 7.078433 -0.156319 4.714489
v 7.064127 -0.172384 4.710154
v 7.047084 -0.185200 4.704997
v 7.035178 -0.191361 4.701390
v 7.014983 -0.197828 4.695269
v 6.988835 0.020938 5.023523
v 6.883666 0.020938 5.235299
v 6.761805 0.020938 5.427006
v 6.622017 0.020938 5.599473
v 6.462661 0.020938 5.753336
v 6.282081 0.020938 5.889087
v 6.078953 0.020938 6.007132
v 5.852680 0.020938 6.107847
v 5.603841 0.020938 6.191639
v 5.334366 0.020938 6.259031
v 5.047705 0.020938 6.310758
v 4.447621 0.020938 6.372044
v 4.151179 0.020938 6.385194
v 3.873442 0.020938 6.390175
v 3.630596 0.020938 6.390593
v 3.431691 0.020938 6.390194
v 3.122296 0.020938 6.394505
v 2.958056 0.020938 6.395692
v 2.752148 0.020938 6.387528
v 2.492838 0.020938 6.357563
v 2.184652 0.020938 6.289340
v 1.846446 0.020938 6.164694
v 1.674645 0.020938 6.075813
v 1.506320 0.020938 5.966756
v 1.345662 0.020938 5.836048
v 1.196903 0.020938 5.682613
v 1.064147 0.020938 5.505891
v 0.951200 0.020938 5.305968
v 0.861401 0.020938 5.083693
v 0.797517 0.020938 4.840708
v 0.761667 0.020938 4.579439
v 0.755230 0.020938 4.303119
v 0.778632 0.020938 4.015975
v 0.831047 0.020938 3.723567
v 0.910124 0.020938 3.433073
v 1.012134 0.020938 3.152902
v 1.132617 0.020938 2.891525
v 1.267102 0.020938 2.656190
v 1.411591 0.020938 2.452102
v 1.562662 0.020938 2.282407
v 1.717454 0.020938 2.148393
v 1.873644 0.020938 2.049697
v 2.029396 0.020938 1.984532
v 2.183305 0.020938 1.949918
v 2.334332 0.020938 1.941916
v 2.481768 0.020938 1.955839
v 2.764459 0.020938 2.028237
v 3.030899 0.020938 2.122652
v 3.283388 0.020938 2.196188
v 3.405534 0.020938 2.213857
v 3.525608 0.020938 2.214461
v 3.644080 0.020938 2.196085
v 3.761386 0.020938 2.157852
v 3.877924 0.020938 2.099831
v 3.994048 0.020938 2.022934
v 4.226267 0.020938 1.819732
v 4.460015 0.020938 1.568302
v 4.696525 0.020938 1.295224
v 4.936225 0.020938 1.030165
v 5.178696 0.020938 0.802587
v 5.300595 0.020938 0.711159
v 5.422617 0.020938 0.638266
v 5.544442 0.020938 0.585950
v 5.665695 0.020938 0.555665
v 5.785945 0.020938 0.548274
v 5.904717 0.020938 0.564061
v 6.021499 0.020938 0.602787
v 6.135751 0.020938 0.663764
v 6.246923 0.020938 0.745926
v 6.354453 0.020938 0.847886
v 6.556393 0.020938 1.104369
v 6.737365 0.020938 1.417723
v 6.893690 0.020938 1.770785
v 7.022533 0.020938 2.146608
v 7.122238 0.020938 2.530320
v 7.192421 0.020938 2.910132
v 7.233830 0.020938 3.277429
v 7.248051 0.020938 3.626342
v 7.237209 0.020938 3.953238
v 7.203690 0.020938 4.256330
v 7.149856 0.020938 4.535250
v 7.077755 0.020938 4.790598
vt -0.173557 0.320523 0.000000
vt -0.173524 0.000000 0.000000
vt -0.151679 0.292005 0.000000
vt -0.144604 0.000000 0.000000
vt -0.129577 0.292005 0.000000
vt -0.115683 0.000000 0.000000
vt -0.115683 0.292005 0.000000
vt -0.093709 0.292005 0.000000
vt -0.115683 0.584009 0.000000
vt -0.093709 0.584009 0.000000
vt -0.115683 0.876014 0.000000
vt -0.093709 0.876014 0.000000
vt -0.115683 1.168018 0.000000
vt -0.093709 1.168018 0.000000
vt -0.115683 1.369210 0.000000
vt -0.093709 1.369210 0.000000
vt -0.115683 1.570401 0.000000
vt -0.093709 1.570401 0.000000
vt -0.115683 1.972784 0.000000
vt -0.093709 1.972784 0.000000
vt -0.115683 2.375167 0.000000
vt -0.093709 2.375167 0.000000
vt -0.115683 2.777550 0.000000
vt -0.093709 2.777550 0.000000
vt -0.115683 3.130189 0.000000
vt -0.093709 3.130189 0.000000
vt -0.115683 3.482829 0.000000
vt -0.093709 3.482829 0.000000
vt -0.115683 3.854213 0.000000
vt -0.093709 3.854213 0.000000
vt -0.115683 4.225598 0.000000
vt -0.093709 4.225598 0.000000
vt -0.115683 4.596983 0.000000
vt -0.093709 4.596983 0.000000
vt -0.115683 4.960043 0.000000
vt -0.093709 4.960043 0.000000
vt -0.115683 5.323103 0.000000
vt -0.093709 5.323103 0.000000
vt -0.115683 5.686164 0.000000
vt -0.093709 5.686164 0.000000
vt -0.115683 6.049224 0.000000
vt -0.093709 6.049224 0.000000
vt -0.115683 6.230754 0.000000
vt -0.093709 6.230754 0.000000
vt -0.115683 6.412285 0.000000
vt -0.093709 6.412285 0.000000
vt -0.115683 6.593815 0.000000
vt -0.093709 6.593815 0.000000
vt -0.115683 6.775345 0.000000
vt -0.093709 6.775345 0.000000
vt -0.115683 6.956875 0.000000
vt -0.093709 6.956875 0.000000
vt -0.115683 7.138405 0.000000
vt -0.093709 7.138405 0.000000
vt -0.115683 7.501466 0.000000
vt -0.093709 7.501466 0.000000
vt -0.115683 7.864526 0.000000
vt -0.093709 7.864526 0.000000
vt -0.115683 8.227587 0.000000
vt -0.093709 8.227587 0.000000
vt -0.115683 8.590647 0.000000
vt -0.093709 8.590647 0.000000
vt -0.115683 8.953707 0.000000
vt -0.093709 8.953707 0.000000
vt -0.115683 9.316768 0.000000
vt -0.093709 9.316768 0.000000
vt -0.115683 9.679828 0.000000
vt -0.093709 9.679828 0.000000
vt -0.115683 10.042889 0.000000
vt -0.093709 10.042889 0.000000
vt -0.115683 10.224419 0.000000
vt -0.093709 10.224419 0.000000
vt -0.115683 10.405949 0.000000
vt -0.093709 10.405949 0.000000
vt -0.115683 10.677385 0.000000
vt -0.093709 10.677385 0.000000
vt -0.115683 10.813103 0.000000
vt -0.093709 10.813103 0.000000
vt -0.115683 10.948821 0.000000
vt -0.093709 10.948821 0.000000
vt -0.115683 11.084539 0.000000
vt -0.093709 11.084539 0.000000
vt -0.115683 11.220256 0.000000
vt -0.093709 11.220256 0.000000
vt -0.115683 11.491692 0.000000
vt -0.093709 11.491692 0.000000
vt -0.115683 11.748550 0.000000
vt -0.093709 11.748550 0.000000
vt -0.115683 12.005408 0.000000
vt -0.093709 12.005408 0.000000
vt -0.115683 12.262266 0.000000
vt -0.093709 12.262266 0.000000
vt -0.115683 12.390695 0.000000
vt -0.093709 12.390695 0.000000
vt -0.115683 12.519124 0.000000
vt -0.093709 12.519124 0.000000
vt -0.115683 12.764942 0.000000
vt -0.093709 12.764942 0.000000
vt -0.115683 13.010759 0.000000
vt -0.093709 13.010759 0.000000
vt -0.115683 13.256577 0.000000
vt -0.093709 13.256577 0.000000
vt -0.115683 13.502395 0.000000
vt -0.093709 13.502395 0.000000
vt -0.115683 13.819241 0.000000
vt -0.093709 13.819241 0.000000
vt -0.115683 14.136088 0.000000
vt -0.093709 14.136088 0.000000
vt -0.115683 14.452934 0.000000
vt -0.093709 14.452934 0.000000
vt -0.115683 14.835629 0.000000
vt -0.093709 14.835629 0.000000
vt -0.115683 15.026977 0.000000
vt -0.093709 15.026977 0.000000
vt -0.115683 15.220569 0.000000
vt -0.093709 15.220579 0.000000
vt -0.115683 15.330507 0.000000
vt -0.093709 15.330507 0.000000
vt -0.115683 15.442690 0.000000
vt -0.093709 15.442690 0.000000
vt -0.115683 15.554873 0.000000
vt -0.093709 15.554873 0.000000
vt -0.115683 15.667055 0.000000
vt -0.093709 15.667055 0.000000
vt -0.115683 15.891421 0.000000
vt -0.093709 15.891421 0.000000
vt -0.115683 16.115786 0.000000
vt -0.093709 16.115786 0.000000
vt -0.115683 16.475891 0.000000
vt -0.093709 16.475891 0.000000
vt -0.115683 16.835997 0.000000
vt -0.093709 16.835997 0.000000
vt -0.115683 17.104885 0.000000
vt -0.093709 17.104885 0.000000
vt -0.115683 17.373773 0.000000
vt -0.093709 17.373773 0.000000
vt -0.115683 17.642662 0.000000
vt -0.093709 17.642662 0.000000
vt -0.115683 17.911550 0.000000
vt -0.093709 17.911550 0.000000
vt -0.115683 18.236054 0.000000
vt -0.093709 18.236054 0.000000
vt -0.115683 18.560559 0.000000
vt -0.093709 18.560559 0.000000
vt -0.115683 18.885063 0.000000
vt -0.093709 18.885063 0.000000
vt -0.115683 19.209568 0.000000
vt -0.093709 19.209568 0.000000
vt -0.115683 19.534072 0.000000
vt -0.093709 19.534072 0.000000
vt -0.115683 19.858577 0.000000
vt -0.093709 19.858577 0.000000
vt -0.115683 20.183081 0.000000
vt -0.093709 20.183081 0.000000
vt -0.115683 20.507586 0.000000
vt -0.086762 20.507586 0.000000
vt -0.071736 20.183081 0.000000
vt -0.057841 20.507586 0.000000
vt -0.049762 20.183081 0.000000
vt -0.028921 20.507586 0.000000
vt -0.027788 20.183081 0.000000
vt -0.000000 20.187295 0.000000
vt -0.000000 19.866798 0.000000
vt -0.027788 19.858577 0.000000
vt 0.000000 19.546318 0.000000
vt -0.027788 19.534072 0.000000
vt -0.000000 19.225975 0.000000
vt -0.027788 19.209568 0.000000
vt -0.000000 18.905466 0.000000
vt -0.027788 18.885063 0.000000
vt -0.000000 18.585003 0.000000
vt -0.027788 18.560559 0.000000
vt -0.000000 18.264571 0.000000
vt -0.027788 18.236054 0.000000
vt -0.000000 17.944131 0.000000
vt -0.027788 17.911550 0.000000
vt -0.000000 17.623701 0.000000
vt -0.027788 17.642662 0.000000
vt -0.027788 17.373773 0.000000
vt -0.049762 17.642662 0.000000
vt -0.049762 17.373773 0.000000
vt -0.071736 17.642662 0.000000
vt -0.071736 17.373773 0.000000
vt -0.086762 0.000000 0.000000
vt -0.071736 0.292005 0.000000
vt -0.071736 0.584009 0.000000
vt -0.071736 0.876014 0.000000
vt -0.071736 1.168018 0.000000
vt -0.071736 1.369210 0.000000
vt -0.071736 1.570401 0.000000
vt -0.071736 1.972784 0.000000
vt -0.071736 2.375167 0.000000
vt -0.071736 2.777550 0.000000
vt -0.071736 3.130189 0.000000
vt -0.071736 3.482829 0.000000
vt -0.071736 3.854213 0.000000
vt -0.071736 4.225598 0.000000
vt -0.071736 4.596983 0.000000
vt -0.071736 4.960043 0.000000
vt -0.071736 5.323103 0.000000
vt -0.071736 5.686164 0.000000
vt -0.071736 6.049224 0.000000
vt -0.071736 6.230754 0.000000
vt -0.071736 6.412285 0.000000
vt -0.071736 6.593815 0.000000
vt -0.071736 6.775345 0.000000
vt -0.071736 6.956875 0.000000
vt -0.071736 7.138405 0.000000
vt -0.071736 7.501466 0.000000
vt -0.071736 7.864526 0.000000
vt -0.071736 8.227587 0.000000
vt -0.071736 8.590647 0.000000
vt -0.071736 8.953707 0.000000
vt -0.071736 9.316768 0.000000
vt -0.071736 9.679828 0.000000
vt -0.071736 10.042889 0.000000
vt -0.071736 10.224419 0.000000
vt -0.071736 10.405949 0.000000
vt -0.071736 10.677385 0.000000
vt -0.071736 10.813103 0.000000
vt -0.071736 10.948821 0.000000
vt -0.071736 11.084539 0.000000
vt -0.071736 11.220256 0.000000
vt -0.071736 11.491692 0.000000
vt -0.071736 11.748550 0.000000
vt -0.071736 12.005408 0.000000
vt -0.071736 12.262266 0.000000
vt -0.071736 12.390695 0.000000
vt -0.071736 12.519124 0.000000
vt -0.071736 12.764942 0.000000
vt -0.071736 13.010759 0.000000
vt -0.071736 13.256577 0.000000
vt -0.071736 13.502395 0.000000
vt -0.071736 13.819241 0.000000
vt -0.071736 14.136088 0.000000
vt -0.071736 14.452934 0.000000
vt -0.071736 14.835629 0.000000
vt -0.071736 15.026977 0.000000
vt -0.071736 15.220589 0.000000
vt -0.071736 15.330507 0.000000
vt -0.071736 15.442690 0.000000
vt -0.071736 15.554873 0.000000
vt -0.071736 15.667055 0.000000
vt -0.071736 15.891421 0.000000
vt -0.071736 16.115786 0.000000
vt -0.071736 16.475891 0.000000
vt -0.071736 16.835997 0.000000
vt -0.071736 17.104885 0.000000
vt -0.057841 0.000000 0.000000
vt -0.049762 0.292005 0.000000
vt -0.049762 0.584009 0.000000
vt -0.049762 0.876014 0.000000
vt -0.049762 1.168018 0.000000
vt -0.049762 1.369210 0.000000
vt -0.049762 1.570401 0.000000
vt -0.049762 1.972784 0.000000
vt -0.049762 2.375167 0.000000
vt -0.049762 2.777550 0.000000
vt -0.049762 3.130189 0.000000
vt -0.049762 3.482829 0.000000
vt -0.049762 3.854213 0.000000
vt -0.049762 4.225598 0.000000
vt -0.049762 4.596983 0.000000
vt -0.049762 4.960043 0.000000
vt -0.049762 5.323103 0.000000
vt -0.049762 5.686164 0.000000
vt -0.049762 6.049224 0.000000
vt -0.049762 6.230754 0.000000
vt -0.049762 6.412285 0.000000
vt -0.049762 6.593815 0.000000
vt -0.049762 6.775345 0.000000
vt -0.049762 6.956875 0.000000
vt -0.049762 7.138405 0.000000
vt -0.049762 7.501466 0.000000
vt -0.049762 7.864526 0.000000
vt -0.049762 8.227587 0.000000
vt -0.049762 8.590647 0.000000
vt -0.049762 8.953707 0.000000
vt -0.049762 9.316768 0.000000
vt -0.049762 9.679828 0.000000
vt -0.049762 10.042889 0.000000
vt -0.049762 10.224419 0.000000
vt -0.049762 10.405949 0.000000
vt -0.049762 10.677385 0.000000
vt -0.049762 10.813103 0.000000
vt -0.049762 10.948821 0.000000
vt -0.049762 11.084539 0.000000
vt -0.049762 11.220256 0.000000
vt -0.049762 11.491692 0.000000
vt -0.049762 11.748550 0.000000
vt -0.049762 12.005408 0.000000
vt -0.049762 12.262266 0.000000
vt -0.049762 12.390695 0.000000
vt -0.049762 12.519124 0.000000
vt -0.049762 12.764942 0.000000
vt -0.049762 13.010759 0.000000
vt -0.049762 13.256577 0.000000
vt -0.049762 13.502395 0.000000
vt -0.049762 13.819241 0.000000
vt -0.049762 14.136088 0.000000
vt -0.049762 14.452934 0.000000
vt -0.049762 14.835629 0.000000
vt -0.049762 15.026977 0.000000
vt -0.049762 15.220600 0.000000
vt -0.049762 15.330507 0.000000
vt -0.049762 15.442690 0.000000
vt -0.049762 15.554873 0.000000
vt -0.049762 15.667055 0.000000
vt -0.049762 15.891421 0.000000
vt -0.049762 16.115786 0.000000
vt -0.049762 16.475891 0.000000
vt -0.049762 16.835997 0.000000
vt -0.049762 17.104885 0.000000
vt -0.028921 0.000000 0.000000
vt -0.027788 0.292005 0.000000
vt -0.027788 0.584009 0.000000
vt -0.027788 0.876014 0.000000
vt -0.027788 1.168018 0.000000
vt -0.027788 1.369210 0.000000
vt -0.027788 1.570401 0.000000
vt -0.027788 1.972784 0.000000
vt -0.027788 2.375167 0.000000
vt -0.027788 2.777550 0.000000
vt -0.027788 3.130189 0.000000
vt -0.027788 3.482829 0.000000
vt -0.027788 3.854213 0.000000
vt -0.027788 4.225598 0.000000
vt -0.027788 4.596983 0.000000
vt -0.027788 4.960043 0.000000
vt -0.027788 5.323103 0.000000
vt -0.027788 5.686164 0.000000
vt -0.027788 6.049224 0.000000
vt -0.027788 6.230754 0.000000
vt -0.027788 6.412285 0.000000
vt -0.027788 6.593815 0.000000
vt -0.027788 6.775345 0.000000
vt -0.027788 6.956875 0.000000
vt -0.027788 7.138405 0.000000
vt -0.027788 7.501466 0.000000
vt -0.027788 7.864526 0.000000
vt -0.027788 8.227587 0.000000
vt -0.027788 8.590647 0.000000
vt -0.027788 8.953707 0.000000
vt -0.027788 9.316768 0.000000
vt -0.027788 9.679828 0.000000
vt -0.027788 10.042889 0.000000
vt -0.027788 10.224419 0.000000
vt -0.027788 10.405949 0.000000
vt -0.027788 10.677385 0.000000
vt -0.027788 10.813103 0.000000
vt -0.027788 10.948821 0.000000
vt -0.027788 11.084539 0.000000
vt -0.027788 11.220256 0.000000
vt -0.027788 11.491692 0.000000
vt -0.027788 11.748550 0.000000
vt -0.027788 12.005408 0.000000
vt -0.027788 12.262266 0.000000
vt -0.027788 12.390695 0.000000
vt -0.027788 12.519124 0.000000
vt -0.027788 12.764942 0.000000
vt -0.027788 13.010759 0.000000
vt -0.027788 13.256577 0.000000
vt -0.027788 13.502395 0.000000
vt -0.027788 13.819241 0.000000
vt -0.027788 14.136088 0.000000
vt -0.027788 14.452934 0.000000
vt -0.027788 14.835629 0.000000
vt -0.027788 15.026977 0.000000
vt -0.027788 15.220610 0.000000
vt -0.027788 15.330507 0.000000
vt -0.027788 15.442690 0.000000
vt -0.027788 15.554873 0.000000
vt -0.027788 15.667055 0.000000
vt -0.027788 15.891421 0.000000
vt -0.027788 16.115786 0.000000
vt -0.027788 16.475891 0.000000
vt -0.027788 16.835997 0.000000
vt -0.027788 17.104885 0.000000
vt -0.000000 0.000000 0.000000
vt 0.000000 0.320577 0.000000
vt -0.000000 0.640860 0.000000
vt -0.000000 0.961292 0.000000
vt -0.000000 1.281724 0.000000
vt 0.000000 1.602128 0.000000
vt -0.000000 1.922536 0.000000
vt -0.000000 2.242986 0.000000
vt -0.000000 2.563471 0.000000
vt -0.000000 3.204256 0.000000
vt -0.000000 3.845191 0.000000
vt -0.000000 4.486033 0.000000
vt -0.000000 4.806452 0.000000
vt 0.000000 5.126895 0.000000
vt -0.000000 5.447358 0.000000
vt -0.000000 5.767825 0.000000
vt 0.000000 6.088251 0.000000
vt -0.000000 6.408713 0.000000
vt -0.000000 6.728980 0.000000
vt 0.000000 7.049371 0.000000
vt -0.000000 7.369897 0.000000
vt -0.000000 7.690340 0.000000
vt -0.000000 8.010560 0.000000
vt -0.000000 8.330981 0.000000
vt -0.000000 8.651637 0.000000
vt -0.000000 8.972066 0.000000
vt -0.000000 9.292506 0.000000
vt 0.000000 9.612938 0.000000
vt -0.000000 9.933370 0.000000
vt 0.000000 10.253795 0.000000
vt -0.000000 10.414123 0.000000
vt 0.000000 10.574283 0.000000
vt 0.000000 10.734491 0.000000
vt -0.000000 10.894654 0.000000
vt -0.000000 11.054845 0.000000
vt -0.000000 11.215032 0.000000
vt -0.000000 11.535455 0.000000
vt 0.000000 11.856020 0.000000
vt 0.000000 12.176378 0.000000
vt 0.000000 12.336609 0.000000
vt -0.000000 12.496810 0.000000
vt -0.000000 12.657017 0.000000
vt 0.000000 12.817196 0.000000
vt -0.000000 13.137612 0.000000
vt -0.000000 13.458077 0.000000
vt 0.000000 14.098926 0.000000
vt -0.000000 14.419417 0.000000
vt -0.000000 14.739828 0.000000
vt -0.000000 14.900046 0.000000
vt -0.000000 15.060280 0.000000
vt -0.000000 15.220622 0.000000
vt -0.000000 15.300721 0.000000
vt -0.000000 15.380689 0.000000
vt -0.000000 15.460797 0.000000
vt -0.000000 15.540667 0.000000
vt -0.000000 15.701031 0.000000
vt 0.000000 15.861302 0.000000
vt 0.000000 16.021544 0.000000
vt 0.000000 16.341984 0.000000
vt -0.000000 16.662407 0.000000
vt -0.000000 16.982844 0.000000
vt -0.000000 17.303279 0.000000
vt -0.000000 20.507586 0.000000
vt -0.129577 20.183081 0.000000
vt -0.144604 20.507586 0.000000
vt -0.151679 20.183081 0.000000
vt -0.173524 20.507586 0.000000
vt -0.173409 20.187321 0.000000
vt -0.173477 19.866808 0.000000
vt -0.151679 19.858577 0.000000
vt -0.129577 19.858577 0.000000
vt -0.129577 19.534072 0.000000
vt -0.173499 19.546319 0.000000
vt -0.151679 19.534072 0.000000
vt -0.129577 19.209568 0.000000
vt -0.173433 19.225976 0.000000
vt -0.151679 19.209568 0.000000
vt -0.129577 18.885063 0.000000
vt -0.173499 18.905466 0.000000
vt -0.151679 18.885063 0.000000
vt -0.129577 18.560559 0.000000
vt -0.173512 18.585003 0.000000
vt -0.151679 18.560559 0.000000
vt -0.129577 18.236054 0.000000
vt -0.151679 18.236054 0.000000
vt -0.173499 17.944128 0.000000
vt -0.151679 17.911550 0.000000
vt -0.173503 17.623698 0.000000
vt -0.151679 17.642662 0.000000
vt -0.151679 17.373773 0.000000
vt -0.129577 17.373773 0.000000
vt -0.129577 17.104885 0.000000
vt -0.173505 17.303275 0.000000
vt -0.151679 17.104885 0.000000
vt -0.129577 16.835997 0.000000
vt -0.173524 16.982844 0.000000
vt -0.151679 16.835997 0.000000
vt -0.129577 16.475891 0.000000
vt -0.173507 16.662402 0.000000
vt -0.151679 16.475891 0.000000
vt -0.129577 16.115786 0.000000
vt -0.173476 16.341968 0.000000
vt -0.151679 16.115786 0.000000
vt -0.129577 15.891421 0.000000
vt -0.173510 16.021539 0.000000
vt -0.151679 15.891421 0.000000
vt -0.129577 15.667055 0.000000
vt -0.173502 15.861302 0.000000
vt -0.173554 15.701078 0.000000
vt -0.151679 15.667055 0.000000
vt -0.173612 15.540788 0.000000
vt -0.151679 15.554873 0.000000
vt -0.173524 15.460797 0.000000
vt -0.151679 15.442690 0.000000
vt -0.173525 15.380689 0.000000
vt -0.151679 15.330507 0.000000
vt -0.173567 15.300647 0.000000
vt -0.151679 15.220553 0.000000
vt -0.173567 15.220543 0.000000
vt -0.173510 15.060279 0.000000
vt -0.173516 14.739831 0.000000
vt -0.151679 14.835629 0.000000
vt -0.151679 15.026977 0.000000
vt -0.129577 15.026977 0.000000
vt -0.129577 15.220563 0.000000
vt -0.151679 14.452934 0.000000
vt -0.173438 14.419451 0.000000
vt -0.151679 14.136088 0.000000
vt -0.173508 14.098947 0.000000
vt -0.151679 13.819241 0.000000
vt -0.173572 13.458094 0.000000
vt -0.151679 13.502395 0.000000
vt -0.151679 13.256577 0.000000
vt -0.129577 13.256577 0.000000
vt -0.129577 13.010759 0.000000
vt -0.173577 13.137615 0.000000
vt -0.151679 13.010759 0.000000
vt -0.129577 12.764942 0.000000
vt -0.173448 12.817060 0.000000
vt -0.151679 12.764942 0.000000
vt -0.129577 12.519124 0.000000
vt -0.173502 12.656981 0.000000
vt -0.151679 12.519124 0.000000
vt -0.129577 12.390695 0.000000
vt -0.173523 12.496810 0.000000
vt -0.151679 12.390695 0.000000
vt -0.129577 12.262266 0.000000
vt -0.173311 12.336697 0.000000
vt -0.151679 12.262266 0.000000
vt -0.129577 12.005408 0.000000
vt -0.173485 12.176397 0.000000
vt -0.151679 12.005408 0.000000
vt -0.129577 11.748550 0.000000
vt -0.173548 11.856046 0.000000
vt -0.151679 11.748550 0.000000
vt -0.129577 11.491692 0.000000
vt -0.173508 11.535441 0.000000
vt -0.151679 11.491692 0.000000
vt -0.129577 11.220256 0.000000
vt -0.173537 11.215052 0.000000
vt -0.151679 11.220256 0.000000
vt -0.129577 11.084539 0.000000
vt -0.151679 11.084539 0.000000
vt -0.173576 11.054857 0.000000
vt -0.151679 10.948821 0.000000
vt -0.173526 10.894654 0.000000
vt -0.151679 10.813103 0.000000
vt -0.173563 10.734464 0.000000
vt -0.151679 10.677385 0.000000
vt -0.173510 10.574268 0.000000
vt -0.151679 10.405949 0.000000
vt -0.173497 10.414097 0.000000
vt -0.173521 10.253795 0.000000
vt -0.173500 9.933375 0.000000
vt -0.151679 10.042889 0.000000
vt -0.151679 10.224419 0.000000
vt -0.129577 10.224419 0.000000
vt -0.129577 10.405949 0.000000
vt -0.151679 9.679828 0.000000
vt -0.173504 9.612942 0.000000
vt -0.151679 9.316768 0.000000
vt -0.173491 9.292511 0.000000
vt -0.151679 8.953707 0.000000
vt -0.173513 8.972068 0.000000
vt -0.173522 8.651637 0.000000
vt -0.151679 8.590647 0.000000
vt -0.173453 8.331001 0.000000
vt -0.151679 8.227587 0.000000
vt -0.173449 8.010578 0.000000
vt -0.151679 7.864526 0.000000
vt -0.173525 7.690341 0.000000
vt -0.151679 7.501466 0.000000
vt -0.173528 7.369900 0.000000
vt -0.151679 7.138405 0.000000
vt -0.173782 7.049412 0.000000
vt -0.151679 6.956875 0.000000
vt -0.173676 6.729001 0.000000
vt -0.151679 6.775345 0.000000
vt -0.151679 6.593815 0.000000
vt -0.129577 6.593815 0.000000
vt -0.129577 6.412285 0.000000
vt -0.173629 6.408685 0.000000
vt -0.151679 6.412285 0.000000
vt -0.129577 6.230754 0.000000
vt -0.151679 6.230754 0.000000
vt -0.173595 6.088231 0.000000
vt -0.151679 6.049224 0.000000
vt -0.173524 5.767816 0.000000
vt -0.151679 5.686164 0.000000
vt -0.173525 5.447354 0.000000
vt -0.151679 5.323103 0.000000
vt -0.173517 5.126908 0.000000
vt -0.151679 4.960043 0.000000
vt -0.173551 4.806470 0.000000
vt -0.151679 4.596983 0.000000
vt -0.173530 4.486035 0.000000
vt -0.151679 4.225598 0.000000
vt -0.173555 3.845180 0.000000
vt -0.151679 3.854213 0.000000
vt -0.151679 3.482829 0.000000
vt -0.129577 3.482829 0.000000
vt -0.129577 3.130189 0.000000
vt -0.173546 3.204241 0.000000
vt -0.151679 3.130189 0.000000
vt -0.129577 2.777550 0.000000
vt -0.151679 2.777550 0.000000
vt -0.173483 2.563465 0.000000
vt -0.151679 2.375167 0.000000
vt -0.173503 2.242984 0.000000
vt -0.151679 1.972784 0.000000
vt -0.173473 1.922530 0.000000
vt -0.151679 1.570401 0.000000
vt -0.173520 1.602136 0.000000
vt -0.151679 1.369210 0.000000
vt -0.173524 1.281724 0.000000
vt -0.151679 1.168018 0.000000
vt -0.173664 0.961298 0.000000
vt -0.151679 0.876014 0.000000
vt -0.173579 0.640859 0.000000
vt -0.151679 0.584009 0.000000
vt -0.129577 0.584009 0.000000
vt -0.129577 0.876014 0.000000
vt -0.129577 1.168018 0.000000
vt -0.129577 1.369210 0.000000
vt -0.129577 1.570401 0.000000
vt -0.129577 1.972784 0.000000
vt -0.129577 2.375167 0.000000
vt -0.129577 3.854213 0.000000
vt -0.129577 4.225598 0.000000
vt -0.129577 4.596983 0.000000
vt -0.129577 4.960043 0.000000
vt -0.129577 5.323103 0.000000
vt -0.129577 5.686164 0.000000
vt -0.129577 6.049224 0.000000
vt -0.129577 6.775345 0.000000
vt -0.129577 6.956875 0.000000
vt -0.129577 7.138405 0.000000
vt -0.129577 7.501466 0.000000
vt -0.129577 7.864526 0.000000
vt -0.129577 8.227587 0.000000
vt -0.129577 8.590647 0.000000
vt -0.129577 8.953707 0.000000
vt -0.129577 9.316768 0.000000
vt -0.129577 9.679828 0.000000
vt -0.129577 10.042889 0.000000
vt -0.129577 10.677385 0.000000
vt -0.129577 10.813103 0.000000
vt -0.129577 10.948821 0.000000
vt -0.129577 13.502395 0.000000
vt -0.129577 13.819241 0.000000
vt -0.129577 14.136088 0.000000
vt -0.129577 14.452934 0.000000
vt -0.129577 14.835629 0.000000
vt -0.129577 15.330507 0.000000
vt -0.129577 15.442690 0.000000
vt -0.129577 15.554873 0.000000
vt -0.129577 17.642662 0.000000
vt -0.129577 17.911550 0.000000
vt -0.049762 17.911550 0.000000
vt -0.049762 18.236054 0.000000
vt -0.049762 18.560559 0.000000
vt -0.049762 18.885063 0.000000
vt -0.049762 19.209568 0.000000
vt -0.049762 19.534072 0.000000
vt -0.049762 19.858577 0.000000
vt -0.071736 17.911550 0.000000
vt -0.071736 18.236054 0.000000
vt -0.071736 18.560559 0.000000
vt -0.071736 18.885063 0.000000
vt -0.071736 19.209568 0.000000
vt -0.071736 19.534072 0.000000
vt -0.071736 19.858577 0.000000
vt 27.613168 0.000000 0.000000
vt 27.613168 0.110469 0.000000
vt 27.181712 0.000000 0.000000
vt 27.066813 0.110469 0.000000
vt 26.750256 0.000000 0.000000
vt 26.563874 0.110469 0.000000
vt 26.318801 0.000000 0.000000
vt 26.100723 0.110469 0.000000
vt 25.887345 0.000000 0.000000
vt 25.671937 0.110469 0.000000
vt 25.455889 0.000000 0.000000
vt 25.271378 0.110469 0.000000
vt 25.024433 0.000000 0.000000
vt 24.893697 0.110469 0.000000
vt 24.592978 0.000000 0.000000
vt 24.533495 0.110469 0.000000
vt 24.161522 0.000000 0.000000
vt 24.185668 0.110469 0.000000
vt 23.845283 0.110469 0.000000
vt 23.730066 0.000000 0.000000
vt 23.507123 0.110469 0.000000
vt 23.298610 0.000000 0.000000
vt 23.164829 0.110469 0.000000
vt 22.867155 0.000000 0.000000
vt 22.809462 0.110469 0.000000
vt 22.435699 0.000000 0.000000
vt 22.428243 0.110469 0.000000
vt 22.004243 0.000000 0.000000
vt 21.999268 0.110469 0.000000
vt 21.788515 0.000000 0.000000
vt 21.754623 0.110469 0.000000
vt 21.572787 0.000000 0.000000
vt 21.479853 0.110469 0.000000
vt 21.357060 0.000000 0.000000
vt 21.168876 0.110469 0.000000
vt 21.141332 0.000000 0.000000
vt 21.003191 0.110469 0.000000
vt 20.925604 0.000000 0.000000
vt 20.835554 0.110469 0.000000
vt 20.709876 0.000000 0.000000
vt 20.672389 0.110469 0.000000
vt 20.494148 0.000000 0.000000
vt 20.517128 0.110469 0.000000
vt 20.278420 0.000000 0.000000
vt 20.235186 0.110469 0.000000
vt 20.062692 0.000000 0.000000
vt 19.986780 0.110469 0.000000
vt 19.846964 0.000000 0.000000
vt 19.762444 0.110469 0.000000
vt 19.415509 0.000000 0.000000
vt 19.358318 0.110469 0.000000
vt 18.984053 0.000000 0.000000
vt 18.985332 0.110469 0.000000
vt 18.552597 0.000000 0.000000
vt 18.250300 0.110469 0.000000
vt 18.121141 0.000000 0.000000
vt 17.856748 0.110469 0.000000
vt 17.689686 0.000000 0.000000
vt 17.427256 0.110469 0.000000
vt 17.473958 0.000000 0.000000
vt 17.258230 0.000000 0.000000
vt 17.198246 0.110469 0.000000
vt 17.042502 0.000000 0.000000
vt 16.962143 0.110469 0.000000
vt 16.826774 0.000000 0.000000
vt 16.722070 0.110469 0.000000
vt 16.611046 0.000000 0.000000
vt 16.481103 0.110469 0.000000
vt 16.395318 0.000000 0.000000
vt 16.005526 0.110469 0.000000
vt 15.963863 0.000000 0.000000
vt 15.535653 0.110469 0.000000
vt 15.532407 0.000000 0.000000
vt 15.100951 0.000000 0.000000
vt 15.053829 0.110469 0.000000
vt 14.885223 0.000000 0.000000
vt 14.806605 0.110469 0.000000
vt 14.669495 0.000000 0.000000
vt 14.562841 0.110469 0.000000
vt 14.453768 0.000000 0.000000
vt 14.333606 0.110469 0.000000
vt 14.238040 0.000000 0.000000
vt 14.125684 0.110469 0.000000
vt 14.022312 0.000000 0.000000
vt 13.939269 0.110469 0.000000
vt 13.806584 0.000000 0.000000
vt 13.770922 0.110469 0.000000
vt 13.590856 0.000000 0.000000
vt 13.474933 0.110469 0.000000
vt 13.375128 0.000000 0.000000
vt 13.214708 0.110469 0.000000
vt 13.159400 0.000000 0.000000
vt 12.975278 0.110469 0.000000
vt 12.943672 0.000000 0.000000
vt 12.746502 0.110469 0.000000
vt 12.727945 0.000000 0.000000
vt 12.520560 0.110469 0.000000
vt 12.512217 0.000000 0.000000
vt 12.290709 0.110469 0.000000
vt 12.296489 0.000000 0.000000
vt 12.080761 0.000000 0.000000
vt 12.051892 0.110469 0.000000
vt 11.865033 0.000000 0.000000
vt 11.799879 0.110469 0.000000
vt 11.649305 0.000000 0.000000
vt 11.530934 0.110469 0.000000
vt 11.433577 0.000000 0.000000
vt 11.242745 0.110469 0.000000
vt 11.217849 0.000000 0.000000
vt 11.002122 0.000000 0.000000
vt 10.935292 0.110469 0.000000
vt 10.786394 0.000000 0.000000
vt 10.610808 0.110469 0.000000
vt 10.570666 0.000000 0.000000
vt 10.354938 0.000000 0.000000
vt 10.271089 0.110469 0.000000
vt 10.139210 0.000000 0.000000
vt 9.914671 0.110469 0.000000
vt 9.923482 0.000000 0.000000
vt 9.532469 0.110469 0.000000
vt 9.492026 0.000000 0.000000
vt 9.103144 0.110469 0.000000
vt 9.060571 0.000000 0.000000
vt 8.576891 0.110469 0.000000
vt 8.629115 0.000000 0.000000
vt 8.197659 0.000000 0.000000
vt 7.845519 0.110469 0.000000
vt 7.766203 0.000000 0.000000
vt 6.903292 0.000000 0.000000
vt 6.333508 0.110469 0.000000
vt 6.471836 0.000000 0.000000
vt 6.040380 0.000000 0.000000
vt 5.361579 0.110469 0.000000
vt 5.608925 0.000000 0.000000
vt 5.177469 0.000000 0.000000
vt 4.474676 0.110469 0.000000
vt 4.314557 0.000000 0.000000
vt 4.018358 0.110469 0.000000
vt 3.883102 0.000000 0.000000
vt 3.536457 0.110469 0.000000
vt 3.451646 0.000000 0.000000
vt 3.018517 0.110469 0.000000
vt 3.020190 0.000000 0.000000
vt 2.588734 0.000000 0.000000
vt 2.455933 0.110469 0.000000
vt 2.157279 0.000000 0.000000
vt 1.848241 0.110469 0.000000
vt 1.725823 0.000000 0.000000
vt 1.215206 0.110469 0.000000
vt 1.294367 0.000000 0.000000
vt 0.862911 0.000000 0.000000
vt 0.590739 0.110469 0.000000
vt 0.431456 0.000000 0.000000
vt 0.000000 0.110469 0.000000
vt 0.000000 0.000000 0.000000
vt 2.763041 1.802496 0.000000
vt 1.830070 2.556617 0.000000
vt 2.904047 1.531403 0.000000
vt 1.539668 2.651779 0.000000
vt 3.009522 1.244794 0.000000
vt 1.241751 2.720528 0.000000
vt -0.216908 -1.173624 0.000000
vt 0.940141 2.768785 0.000000
vt 0.331173 2.820588 0.000000
vt 2.106952 2.428076 0.000000
vt 2.582355 2.048553 0.000000
vt 2.361297 2.259167 0.000000
vt -0.364275 -1.133878 0.000000
vt -0.279635 2.832326 0.000000
vt -0.516298 -1.121193 0.000000
vt -0.891204 2.836667 0.000000
vt -0.668588 -1.133734 0.000000
vt -3.096439 0.589934 0.000000
vt -3.042270 0.289105 0.000000
vt -3.118818 0.894685 0.000000
vt -1.196844 2.831209 0.000000
vt -3.104357 1.199695 0.000000
vt -1.500469 2.796063 0.000000
vt -1.798035 2.726609 0.000000
vt -3.047677 1.499814 0.000000
vt -2.084182 2.619543 0.000000
vt -2.351374 2.471642 0.000000
vt -2.590229 2.281388 0.000000
vt -2.790232 2.050923 0.000000
vt -2.943526 1.786921 0.000000
vt -2.960483 -0.005210 0.000000
vt -2.853209 -0.291386 0.000000
vt -0.963557 -1.212075 0.000000
vt -2.720557 -0.566740 0.000000
vt -2.560253 -0.826764 0.000000
vt -1.251860 -1.314154 0.000000
vt -2.366806 -1.063071 0.000000
vt -2.255098 -1.167445 0.000000
vt -2.132063 -1.257902 0.000000
vt -1.548158 -1.387183 0.000000
vt -1.997217 -1.329486 0.000000
vt -1.700537 -1.395391 0.000000
vt -1.852023 -1.376626 0.000000
vt 3.083608 0.948252 0.000000
vt -0.078022 -1.236907 0.000000
vt 3.129983 0.646138 0.000000
vt 3.151736 0.341343 0.000000
vt 3.151237 0.035653 0.000000
vt 0.171896 -1.412228 0.000000
vt 3.130756 -0.269228 0.000000
vt 3.035458 -0.872678 0.000000
vt 0.392475 -1.623258 0.000000
vt 2.962076 -1.169474 0.000000
vt 2.871518 -1.461420 0.000000
vt 0.797068 -2.081059 0.000000
vt 2.762686 -1.746893 0.000000
vt 2.633032 -2.023675 0.000000
vt 1.001106 -2.308487 0.000000
vt 2.477827 -2.286953 0.000000
vt 1.220025 -2.521690 0.000000
vt 2.288472 -2.526400 0.000000
vt 2.176573 -2.630430 0.000000
vt 1.467769 -2.699791 0.000000
vt 2.050249 -2.716146 0.000000
vt 1.607633 -2.761023 0.000000
vt 1.681617 -2.779998 0.000000
vt 1.757385 -2.788995 0.000000
vt 1.833722 -2.786748 0.000000
vt 1.908750 -2.773059 0.000000
vt -3.094197 1.342704 0.000000
vt -1.350808 2.811137 0.000000
vt -3.005277 1.575629 0.000000
vt -1.620283 2.743745 0.000000
vt -2.900108 1.787405 0.000000
vt -1.869122 2.659953 0.000000
vt -2.778247 1.979112 0.000000
vt -2.095396 2.559238 0.000000
vt -2.638459 2.151579 0.000000
vt -2.298523 2.441193 0.000000
vt -2.479103 2.305442 0.000000
vt 0.222171 -1.290042 0.000000
vt -3.166299 1.087356 0.000000
vt -3.220133 0.808436 0.000000
vt 0.105634 -1.348063 0.000000
vt -3.253652 0.505344 0.000000
vt -3.264493 0.178448 0.000000
vt -0.010491 -1.424960 0.000000
vt -3.250272 -0.170464 0.000000
vt -3.208864 -0.537762 0.000000
vt -0.242710 -1.628162 0.000000
vt -3.138680 -0.917574 0.000000
vt -3.038976 -1.301286 0.000000
vt -0.476458 -1.879592 0.000000
vt -2.910133 -1.677109 0.000000
vt -0.712968 -2.152670 0.000000
vt -2.753808 -2.030171 0.000000
vt -0.952667 -2.417729 0.000000
vt -2.572836 -2.343525 0.000000
vt -1.195138 -2.645307 0.000000
vt -2.370896 -2.600008 0.000000
vt -1.317038 -2.736735 0.000000
vt -2.263365 -2.701968 0.000000
vt -1.439059 -2.809628 0.000000
vt -2.152194 -2.784130 0.000000
vt -1.560885 -2.861944 0.000000
vt -2.037941 -2.845107 0.000000
vt -1.682137 -2.892229 0.000000
vt -1.921159 -2.883833 0.000000
vt -1.802387 -2.899620 0.000000
vt -1.064147 2.862864 0.000000
vt 0.339478 -1.251809 0.000000
vt -0.464064 2.924150 0.000000
vt -0.167621 2.937300 0.000000
vt 0.457950 -1.233433 0.000000
vt 0.110115 2.942281 0.000000
vt 0.551867 2.942300 0.000000
vt 0.352962 2.942700 0.000000
vt 0.578024 -1.234037 0.000000
vt 2.716456 -0.791704 0.000000
vt 2.850940 -0.556369 0.000000
vt 2.971424 -0.294992 0.000000
vt 2.571966 -0.995792 0.000000
vt 0.700170 -1.251706 0.000000
vt 0.952658 -1.325242 0.000000
vt 1.219099 -1.419657 0.000000
vt 2.420895 -1.165487 0.000000
vt 2.266103 -1.299501 0.000000
vt 2.109914 -1.398197 0.000000
vt 1.501790 -1.492055 0.000000
vt 1.649226 -1.505978 0.000000
vt 1.800253 -1.497976 0.000000
vt 1.954161 -1.463362 0.000000
vt 3.073434 -0.014821 0.000000
vt 3.152510 0.275673 0.000000
vt 3.204925 0.568081 0.000000
vt 0.861261 2.946611 0.000000
vt 3.228328 0.855225 0.000000
vt 1.025501 2.947798 0.000000
vt 3.221891 1.131545 0.000000
vt 1.231410 2.939634 0.000000
vt 3.186041 1.392814 0.000000
vt 3.122157 1.635799 0.000000
vt 3.032357 1.858074 0.000000
vt 2.919410 2.057997 0.000000
vt 2.786655 2.234719 0.000000
vt 2.637895 2.388154 0.000000
vt 2.477238 2.518862 0.000000
vt 2.308913 2.627919 0.000000
vt 2.137111 2.716800 0.000000
vt 1.490719 2.909669 0.000000
vt 1.798905 2.841446 0.000000
vn -0.000255 -1.000000 -0.000157
vn -0.000000 -1.000000 0.000000
vn 0.169281 -0.980371 0.101073
vn 0.237184 -0.965922 0.103623
vn 0.331734 -0.922345 0.198072
vn 0.458247 -0.865984 0.200202
vn 0.429317 -0.866012 0.256338
vn 0.568181 -0.749718 0.339253
vn 0.386272 -0.865983 0.317597
vn 0.511210 -0.749660 0.420327
vn 0.329666 -0.865915 0.376179
vn 0.436264 -0.749574 0.497808
vn 0.265902 -0.865986 0.423514
vn 0.351910 -0.749666 0.560500
vn 0.224090 -0.865991 0.447039
vn 0.296580 -0.749674 0.591633
vn 0.186401 -0.866000 0.464003
vn 0.246690 -0.749691 0.614091
vn 0.125707 -0.866020 0.483950
vn 0.166375 -0.749720 0.640499
vn 0.081296 -0.865984 0.493419
vn 0.107592 -0.749662 0.653017
vn 0.048687 -0.865995 0.497677
vn 0.064432 -0.749679 0.658658
vn 0.026942 -0.865985 0.499344
vn 0.035657 -0.749663 0.660858
vn 0.010421 -0.865986 0.499959
vn 0.013791 -0.749665 0.661673
vn -0.000614 -0.865985 0.500069
vn -0.000812 -0.749663 0.661819
vn 0.005647 -0.865974 0.500057
vn 0.007473 -0.749647 0.661796
vn -0.002130 -0.865966 0.500098
vn -0.002823 -0.749635 0.661845
vn -0.056187 -0.865991 0.496894
vn -0.074356 -0.749674 0.657617
vn -0.119981 -0.865984 0.485464
vn -0.158790 -0.749662 0.642489
vn -0.190820 -0.866022 0.462161
vn -0.252546 -0.749733 0.611654
vn -0.268266 -0.865981 0.422031
vn -0.355031 -0.749663 0.558533
vn -0.307558 -0.865973 0.394332
vn -0.407019 -0.749668 0.521855
vn -0.345786 -0.865978 0.361267
vn -0.457621 -0.749668 0.478102
vn -0.382441 -0.865984 0.322197
vn -0.506143 -0.749661 0.426412
vn -0.415211 -0.865937 0.278843
vn -0.549473 -0.749610 0.369004
vn -0.441984 -0.865911 0.234198
vn -0.584876 -0.749581 0.309917
vn -0.463236 -0.865953 0.188516
vn -0.613038 -0.749627 0.249487
vn -0.490146 -0.866002 0.098982
vn -0.648686 -0.749698 0.130998
vn -0.499600 -0.866012 0.020546
vn -0.661207 -0.749710 0.027210
vn -0.497714 -0.866082 -0.046713
vn -0.658736 -0.749829 -0.061833
vn -0.489261 -0.865985 -0.103412
vn -0.647513 -0.749663 -0.136865
vn -0.476166 -0.865991 -0.152727
vn -0.630184 -0.749674 -0.202132
vn -0.458719 -0.865999 -0.199052
vn -0.607098 -0.749688 -0.263439
vn -0.434255 -0.866014 -0.247876
vn -0.574733 -0.749711 -0.328048
vn -0.395180 -0.865987 -0.306430
vn -0.523009 -0.749666 -0.405539
vn -0.365134 -0.865993 -0.341662
vn -0.483233 -0.749678 -0.452182
vn -0.323278 -0.866054 -0.381367
vn -0.427885 -0.749781 -0.504721
vn -0.224514 -0.865982 -0.446843
vn -0.297133 -0.749661 -0.591372
vn -0.155731 -0.865976 -0.475219
vn -0.206094 -0.749660 -0.628915
vn -0.076177 -0.865960 -0.494277
vn -0.100803 -0.749634 -0.654131
vn 0.000779 -0.865971 -0.500093
vn 0.001020 -0.749647 -0.661838
vn 0.067977 -0.866005 -0.495392
vn 0.089957 -0.749701 -0.655634
vn 0.150342 -0.866061 -0.476797
vn 0.198953 -0.749781 -0.631067
vn 0.169931 -0.865988 -0.470307
vn 0.224873 -0.749667 -0.622440
vn 0.135043 -0.866115 -0.481257
vn 0.178799 -0.749866 -0.636970
vn 0.038990 -0.865885 -0.498721
vn 0.051626 -0.749531 -0.659953
vn -0.026693 -0.865917 -0.499475
vn -0.035356 -0.749573 -0.660977
vn -0.099211 -0.865986 -0.490128
vn -0.131304 -0.749667 -0.648659
vn -0.219443 -0.866024 -0.449275
vn -0.290437 -0.749743 -0.594586
vn -0.297635 -0.865989 -0.401842
vn -0.393920 -0.749669 -0.531811
vn -0.341869 -0.866011 -0.364898
vn -0.452437 -0.749705 -0.482952
vn -0.365021 -0.866016 -0.341726
vn -0.483106 -0.749711 -0.452264
vn -0.377806 -0.865984 -0.327618
vn -0.500008 -0.749662 -0.433589
vn -0.376683 -0.865996 -0.328878
vn -0.498525 -0.749680 -0.435262
vn -0.361911 -0.866051 -0.344929
vn -0.479016 -0.749767 -0.456502
vn -0.310173 -0.865997 -0.392227
vn -0.410510 -0.749683 -0.519092
vn -0.254197 -0.866017 -0.430580
vn -0.336442 -0.749717 -0.569853
vn -0.152928 -0.866000 -0.476084
vn -0.202396 -0.749706 -0.630061
vn -0.068222 -0.865993 -0.495380
vn -0.090253 -0.749684 -0.655613
vn 0.035228 -0.865984 -0.498829
vn 0.046630 -0.749666 -0.660172
vn 0.137134 -0.865967 -0.480932
vn 0.181448 -0.749664 -0.636459
vn 0.218796 -0.865965 -0.449704
vn 0.289551 -0.749654 -0.595129
vn 0.325563 -0.866021 -0.379496
vn 0.430902 -0.749723 -0.502233
vn 0.381996 -0.866006 -0.322666
vn 0.505571 -0.749698 -0.427027
vn 0.428946 -0.866001 -0.256996
vn 0.567705 -0.749689 -0.340114
vn 0.453750 -0.865995 -0.210150
vn 0.600523 -0.749680 -0.278122
vn 0.465861 -0.865990 -0.181757
vn 0.616546 -0.749671 -0.240549
vn 0.475086 -0.865987 -0.156074
vn 0.628757 -0.749667 -0.206555
vn 0.482231 -0.865991 -0.132332
vn 0.638212 -0.749675 -0.175138
vn 0.488054 -0.865993 -0.108898
vn 0.645920 -0.749678 -0.144120
vn 0.493505 -0.865986 -0.080751
vn 0.653131 -0.749666 -0.106872
vn 0.497433 -0.865990 -0.051202
vn 0.658331 -0.749673 -0.067761
vn 0.499661 -0.865994 -0.019820
vn 0.661282 -0.749679 -0.026238
vn 0.499771 -0.866029 0.014900
vn 0.661439 -0.749739 0.019718
vn 0.497172 -0.865998 0.053545
vn 0.657988 -0.749686 0.070872
vn 0.490651 -0.866020 0.096284
vn 0.649371 -0.749722 0.127413
vn 0.478376 -0.866065 0.145215
vn 0.633137 -0.749798 0.192200
vn 0.647967 -0.707107 0.283088
vn 0.761374 -0.605712 0.231134
vn 0.793556 -0.500071 0.346695
vn 0.861973 -0.434200 0.261672
vn 0.885136 -0.258832 0.386705
vn 0.926768 -0.248901 0.281336
vn 0.956464 -0.001310 0.291846
vn 0.980837 -0.000631 0.194831
vn 0.950385 -0.248974 0.186493
vn 0.993913 -0.000245 0.110168
vn 0.962934 -0.249002 0.103709
vn 0.999438 -0.000895 0.033519
vn 0.968090 -0.248934 0.028865
vn 0.999369 -0.000252 -0.035522
vn 0.967740 -0.249011 -0.038386
vn 0.995207 -0.000163 -0.097791
vn 0.963411 -0.249008 -0.099170
vn 0.987688 -0.000109 -0.156435
vn 0.955788 -0.249023 -0.156387
vn 0.977245 -0.000190 -0.212116
vn 0.945257 -0.249005 -0.210915
vn 0.963431 -0.000154 -0.267958
vn 0.933974 -0.249011 -0.256294
vn 0.920117 -0.249025 -0.302277
vn 0.868590 -0.434440 -0.238357
vn 0.855696 -0.434468 -0.281108
vn 0.767346 -0.605671 -0.210577
vn 0.755968 -0.605672 -0.248343
vn 0.683232 -0.605615 0.407951
vn 0.614630 -0.605666 0.505370
vn 0.524575 -0.605425 0.598566
vn 0.423111 -0.605665 0.673905
vn 0.356593 -0.605668 0.711342
vn 0.296613 -0.605662 0.738373
vn 0.200053 -0.605697 0.770136
vn 0.129360 -0.605672 0.785129
vn 0.077467 -0.605679 0.791929
vn 0.042872 -0.605671 0.794560
vn 0.016581 -0.605670 0.795543
vn -0.000975 -0.605674 0.795712
vn 0.008983 -0.605654 0.795677
vn -0.003399 -0.605630 0.795739
vn -0.089399 -0.605662 0.790684
vn -0.190916 -0.605672 0.772472
vn -0.303689 -0.605633 0.735514
vn -0.426885 -0.605618 0.671562
vn -0.489462 -0.605479 0.627553
vn -0.550271 -0.605548 0.574903
vn -0.608543 -0.605670 0.512678
vn -0.660734 -0.605437 0.443708
vn -0.703344 -0.605313 0.372697
vn -0.737117 -0.605522 0.300002
vn -0.779999 -0.605633 0.157516
vn -0.795034 -0.605682 0.032730
vn -0.792208 -0.605703 -0.074367
vn -0.778513 -0.605672 -0.164557
vn -0.757694 -0.605669 -0.243033
vn -0.729952 -0.605673 -0.316750
vn -0.691057 -0.605692 -0.394433
vn -0.628827 -0.605672 -0.487584
vn -0.581007 -0.605672 -0.543683
vn -0.514559 -0.605700 -0.606925
vn -0.357245 -0.605646 -0.711033
vn -0.247816 -0.605580 -0.756214
vn -0.121182 -0.605561 -0.786518
vn 0.001202 -0.605613 -0.795758
vn 0.108158 -0.605652 -0.788345
vn 0.239196 -0.605786 -0.758820
vn 0.270344 -0.605678 -0.748377
vn 0.215068 -0.605858 -0.765952
vn 0.062121 -0.605352 -0.793530
vn -0.042559 -0.605452 -0.794743
vn -0.157871 -0.605651 -0.779912
vn -0.349290 -0.605580 -0.715031
vn -0.473630 -0.605676 -0.639399
vn -0.543979 -0.605700 -0.580702
vn -0.580872 -0.605717 -0.543777
vn -0.601163 -0.605672 -0.521310
vn -0.599387 -0.605691 -0.523329
vn -0.575993 -0.605767 -0.548889
vn -0.493581 -0.605678 -0.624125
vn -0.404551 -0.605686 -0.685189
vn -0.243373 -0.605555 -0.757676
vn -0.108507 -0.605621 -0.788320
vn 0.056059 -0.605640 -0.793762
vn 0.218196 -0.605425 -0.765409
vn 0.348165 -0.605470 -0.715673
vn 0.518142 -0.605690 -0.603878
vn 0.607891 -0.605683 -0.513436
vn 0.682587 -0.605685 -0.408926
vn 0.722036 -0.605677 -0.334395
vn 0.741291 -0.605672 -0.289221
vn 0.773473 -0.434101 0.461839
vn 0.695698 -0.434470 0.572049
vn 0.593843 -0.433871 0.677574
vn 0.478926 -0.434444 0.762816
vn 0.403634 -0.434431 0.805201
vn 0.335769 -0.434356 0.835820
vn 0.226460 -0.434390 0.871792
vn 0.146424 -0.434483 0.888698
vn 0.087690 -0.434455 0.896415
vn 0.048526 -0.434474 0.899376
vn 0.018769 -0.434467 0.900492
vn -0.001103 -0.434485 0.900678
vn 0.010168 -0.434467 0.900630
vn -0.003858 -0.434417 0.900704
vn -0.101206 -0.434410 0.895012
vn -0.216097 -0.434481 0.874373
vn -0.343802 -0.434119 0.832671
vn -0.483259 -0.434286 0.760168
vn -0.554153 -0.433767 0.710465
vn -0.622915 -0.434018 0.650850
vn -0.688824 -0.434479 0.580300
vn -0.748027 -0.433799 0.502269
vn -0.796285 -0.433445 0.421965
vn -0.834403 -0.434052 0.339663
vn -0.882977 -0.434230 0.178313
vn -0.899973 -0.434369 0.037041
vn -0.896936 -0.434071 -0.084189
vn -0.881211 -0.434481 -0.186261
vn -0.857665 -0.434436 -0.275093
vn -0.826279 -0.434404 -0.358548
vn -0.782263 -0.434402 -0.446497
vn -0.711778 -0.434470 -0.551913
vn -0.657673 -0.434435 -0.615412
vn -0.582515 -0.434210 -0.687123
vn -0.404326 -0.434394 -0.804874
vn -0.280578 -0.434157 -0.856028
vn -0.137106 -0.434172 -0.890335
vn 0.001280 -0.434319 -0.900758
vn 0.122439 -0.434288 -0.892414
vn 0.270748 -0.434521 -0.859003
vn 0.305993 -0.434487 -0.847107
vn 0.243528 -0.434511 -0.867118
vn 0.070428 -0.433740 -0.898281
vn -0.048285 -0.433969 -0.899633
vn -0.178672 -0.434392 -0.882825
vn -0.395465 -0.433898 -0.809531
vn -0.536115 -0.434477 -0.723748
vn -0.615765 -0.434449 -0.657333
vn -0.657527 -0.434493 -0.615527
vn -0.680464 -0.434484 -0.590078
vn -0.678460 -0.434496 -0.592372
vn -0.652034 -0.434497 -0.621340
vn -0.558702 -0.434438 -0.706482
vn -0.457938 -0.434361 -0.775644
vn -0.275421 -0.433926 -0.857818
vn -0.122905 -0.434232 -0.892377
vn 0.063394 -0.434355 -0.898508
vn 0.247102 -0.433587 -0.866570
vn 0.394018 -0.433778 -0.810300
vn 0.586524 -0.434354 -0.683612
vn 0.688107 -0.434410 -0.581202
vn 0.772652 -0.434445 -0.462889
vn 0.817302 -0.434443 -0.378519
vn 0.839091 -0.434454 -0.327376
vn 0.831581 -0.248837 0.496541
vn 0.748063 -0.249025 0.615133
vn 0.638422 -0.248694 0.728401
vn 0.514970 -0.249012 0.820243
vn 0.434002 -0.249006 0.865817
vn 0.361047 -0.248969 0.898699
vn 0.243501 -0.248991 0.937396
vn 0.157448 -0.249033 0.955611
vn 0.094294 -0.249020 0.963897
vn 0.052179 -0.249028 0.967090
vn 0.020184 -0.249024 0.968287
vn -0.001185 -0.249034 0.968494
vn 0.010933 -0.249022 0.968436
vn -0.004160 -0.248993 0.968496
vn -0.108841 -0.248995 0.962370
vn -0.232362 -0.249031 0.940208
vn -0.369629 -0.248849 0.895237
vn -0.519654 -0.248928 0.817310
vn -0.595728 -0.248652 0.763728
vn -0.669657 -0.248786 0.699761
vn -0.740695 -0.249030 0.623983
vn -0.804169 -0.248661 0.539889
vn -0.855883 -0.248469 0.453571
vn -0.897047 -0.248798 0.365247
vn -0.949363 -0.248903 0.191722
vn -0.967691 -0.248978 0.039807
vn -0.964308 -0.248837 -0.090497
vn -0.947561 -0.249031 -0.200279
vn -0.922227 -0.249009 -0.295791
vn -0.888463 -0.248994 -0.385532
vn -0.841127 -0.248996 -0.480111
vn -0.765356 -0.249026 -0.593478
vn -0.707189 -0.249009 -0.661724
vn -0.626262 -0.248904 -0.738812
vn -0.434682 -0.248985 -0.865481
vn -0.301728 -0.248859 -0.920342
vn -0.147324 -0.248863 -0.957269
vn 0.001276 -0.248943 -0.968517
vn 0.131656 -0.248934 -0.959530
vn 0.291118 -0.249069 -0.923696
vn 0.329028 -0.249035 -0.910891
vn 0.261900 -0.249076 -0.932400
vn 0.075836 -0.248619 -0.965628
vn -0.052040 -0.248747 -0.967170
vn -0.192076 -0.248985 -0.949270
vn -0.425146 -0.248732 -0.870278
vn -0.576475 -0.249030 -0.778242
vn -0.662130 -0.249020 -0.706805
vn -0.707039 -0.249044 -0.661871
vn -0.731699 -0.249033 -0.634508
vn -0.729546 -0.249042 -0.636979
vn -0.701127 -0.249055 -0.668126
vn -0.600746 -0.249011 -0.759670
vn -0.492364 -0.248975 -0.834020
vn -0.295947 -0.248742 -0.922249
vn -0.132259 -0.248902 -0.959456
vn 0.068078 -0.248965 -0.966117
vn 0.265712 -0.248556 -0.931460
vn 0.423373 -0.248656 -0.871163
vn 0.630614 -0.248972 -0.735078
vn 0.739881 -0.248999 -0.624961
vn 0.830807 -0.249016 -0.497745
vn 0.878822 -0.249013 -0.407018
vn 0.902260 -0.249018 -0.352017
vn 0.916363 0.000000 0.400347
vn 0.851552 -0.001327 0.524268
vn 0.751537 -0.000404 0.659691
vn 0.623089 -0.001014 0.782150
vn 0.483624 -0.000011 0.875276
vn 0.361758 -0.000385 0.932272
vn 0.264751 -0.000397 0.964317
vn 0.188196 -0.000162 0.982131
vn 0.129892 -0.000155 0.991528
vn 0.046014 -0.000064 0.998941
vn -0.000954 -0.000002 1.000000
vn 0.016104 -0.000004 0.999870
vn -0.061270 -0.000032 0.998121
vn -0.169373 -0.000560 0.985552
vn -0.286731 -0.000447 0.958011
vn -0.415454 -0.001010 0.909614
vn -0.553521 -0.001033 0.832835
vn -0.689964 -0.001489 0.723842
vn -0.814690 -0.001338 0.579895
vn -0.906589 -0.002290 0.422010
vn -0.965523 -0.000375 0.260319
vn -0.993565 -0.000109 0.113265
vn -0.999878 -0.001462 -0.015540
vn -0.991789 -0.001389 -0.127879
vn -0.974596 -0.000033 -0.223971
vn -0.950679 -0.000149 -0.310177
vn -0.920062 -0.000334 -0.391773
vn -0.879106 -0.000170 -0.476626
vn -0.817941 -0.000194 -0.575303
vn -0.718522 -0.000073 -0.695504
vn -0.642123 -0.001324 -0.766601
vn -0.536002 -0.000711 -0.844217
vn -0.393799 -0.001172 -0.919196
vn -0.216990 -0.000028 -0.976174
vn -0.031303 -0.000979 -0.999509
vn 0.131391 -0.000706 -0.991330
vn 0.315084 -0.000324 -0.949064
vn 0.324201 -0.000436 -0.945988
vn 0.155280 -0.000366 -0.987870
vn 0.004163 -0.002068 -0.999989
vn -0.173663 -0.000108 -0.984805
vn -0.343191 -0.000543 -0.939265
vn -0.478922 -0.002025 -0.877855
vn -0.647363 -0.000523 -0.762181
vn -0.723670 -0.000098 -0.690146
vn -0.754886 -0.000027 -0.655856
vn -0.728931 -0.000223 -0.684587
vn -0.656267 -0.000023 -0.754528
vn -0.589067 -0.000181 -0.808084
vn -0.481169 -0.000628 -0.876628
vn -0.305711 -0.001860 -0.952123
vn -0.186446 -0.001780 -0.982464
vn -0.045371 -0.000089 -0.998970
vn 0.104573 -0.000067 -0.994517
vn 0.250470 -0.002248 -0.968122
vn 0.479159 -0.000849 -0.877728
vn 0.629880 -0.000851 -0.776692
vn 0.723886 -0.000298 -0.689920
vn 0.830119 -0.000416 -0.557586
vn 0.886500 -0.000141 -0.462728
vn 0.921532 -0.000001 -0.388301
vn 0.945681 -0.000149 -0.325097
vn 0.369633 -0.922379 0.112203
vn 0.188614 -0.980381 0.057253
vn 0.001017 -0.999999 0.000310
vn 0.000429 -1.000000 0.000085
vn 0.193447 -0.980376 0.037968
vn 0.379109 -0.922356 0.074401
vn 0.384146 -0.922345 0.041370
vn 0.000236 -1.000000 0.000026
vn 0.196018 -0.980373 0.021108
vn 0.386161 -0.922360 0.011513
vn 0.000849 -1.000000 0.000028
vn 0.197048 -0.980376 0.005875
vn 0.386068 -0.922343 -0.015312
vn 0.000238 -1.000000 -0.000008
vn 0.196998 -0.980373 -0.007812
vn 0.384347 -0.922341 -0.039562
vn 0.000113 -1.000000 -0.000011
vn 0.196120 -0.980372 -0.020187
vn 0.381310 -0.922339 -0.062392
vn 0.194570 -0.980372 -0.031836
vn 0.000226 -1.000000 -0.000049
vn 0.192423 -0.980372 -0.042935
vn 0.000192 -1.000000 -0.000053
vn 0.190127 -0.980372 -0.052173
vn 0.187308 -0.980372 -0.061535
vn 0.367079 -0.922340 -0.120593
vn 0.359952 -0.922341 -0.140435
vn 0.000170 -1.000000 -0.000059
vn 0.183672 -0.980372 -0.071659
vn 0.350594 -0.922344 -0.162376
vn 0.000001 -1.000000 -0.000001
vn 0.178896 -0.980373 -0.082856
vn 0.331426 -0.922347 -0.198575
vn 0.000145 -1.000000 -0.000075
vn 0.169114 -0.980374 -0.101329
vn 0.295151 -0.922349 -0.249315
vn 0.000372 -1.000000 -0.000250
vn 0.150604 -0.980374 -0.127220
vn 0.251543 -0.922357 -0.293231
vn 0.000099 -1.000000 -0.000094
vn 0.128349 -0.980376 -0.149632
vn 0.169083 -0.922308 -0.347504
vn 0.000129 -1.000000 -0.000159
vn -0.000133 -1.000000 0.000244
vn 0.086301 -0.980360 -0.177331
vn -0.000203 -1.000000 0.000784
vn 0.054089 -0.980358 -0.189664
vn 0.000000 -1.000000 0.000000
vn 0.013895 -0.980370 -0.196676
vn 0.000000 -1.000000 0.000009
vn -0.026907 -0.980370 -0.195322
vn 0.000074 -1.000000 0.000390
vn -0.060312 -0.980368 -0.187729
vn 0.000120 -1.000000 0.000373
vn -0.000066 -1.000000 -0.000120
vn -0.000051 -1.000000 -0.000059
vn -0.122287 -0.980373 -0.154643
vn -0.100216 -0.980375 -0.169768
vn -0.196405 -0.922354 -0.332698
vn -0.118175 -0.922333 -0.367881
vn -0.142673 -0.980382 -0.135996
vn -0.000582 -1.000000 -0.000546
vn -0.148511 -0.980374 -0.129661
vn -0.000112 -1.000000 -0.000097
vn -0.148955 -0.980372 -0.129166
vn 0.000320 -1.000000 0.000306
vn -0.143907 -0.980377 -0.134730
vn -0.134794 -0.980375 -0.143856
vn -0.264154 -0.922353 -0.281934
vn -0.229964 -0.922341 -0.310489
vn 0.000316 -1.000000 0.000372
vn -0.117339 -0.980372 -0.158435
vn -0.169563 -0.922346 -0.347169
vn -0.000339 -1.000000 -0.000622
vn -0.086524 -0.980371 -0.177163
vn -0.076657 -0.922337 -0.378706
vn -0.000070 -1.000000 -0.000192
vn -0.039117 -0.980371 -0.193243
vn -0.020610 -0.922285 -0.385962
vn -0.000002 -1.000000 -0.000012
vn -0.010501 -0.980355 -0.196962
vn 0.030114 -0.922260 -0.385396
vn 0.000008 -0.999998 -0.001976
vn 0.015352 -0.980347 -0.196682
vn 0.104316 -0.922417 -0.371841
vn 0.000057 -1.000000 -0.000361
vn 0.053207 -0.980392 -0.189736
vn 0.131308 -0.922341 -0.363381
vn -0.000072 -1.000000 0.000210
vn 0.067010 -0.980372 -0.185418
vn 0.116172 -0.922385 -0.368388
vn 0.000048 -1.000000 -0.000145
vn 0.059288 -0.980384 -0.187968
vn 0.052528 -0.922346 -0.382778
vn -0.000015 -1.000000 0.000116
vn 0.026806 -0.980373 -0.195323
vn 0.000611 -0.922326 -0.386412
vn 0.000323 -0.980368 -0.197178
vn 0.000015 -1.000000 0.000479
vn -0.030051 -0.980364 -0.194893
vn 0.000003 -1.000000 0.000013
vn -0.061400 -0.980367 -0.187381
vn 0.000143 -1.000000 0.000333
vn -0.088526 -0.980370 -0.176174
vn -0.000069 -1.000000 -0.000109
vn -0.127453 -0.980379 -0.150373
vn -0.000164 -1.000000 -0.000196
vn -0.000019 -1.000000 -0.000018
vn -0.000187 -1.000000 -0.000131
vn -0.155803 -0.980372 -0.120816
vn -0.143962 -0.980373 -0.134702
vn -0.282127 -0.922343 -0.263986
vn -0.249783 -0.922373 -0.294682
vn -0.171209 -0.980375 -0.097733
vn -0.000169 -1.000000 -0.000092
vn -0.180858 -0.980373 -0.078480
vn -0.000280 -1.000000 -0.000119
vn -0.187736 -0.980372 -0.060214
vn -0.000096 -1.000000 -0.000031
vn -0.000021 -1.000000 -0.000005
vn -0.192897 -0.980372 -0.040770
vn -0.000657 -1.000000 -0.000085
vn -0.196245 -0.980382 -0.018416
vn -0.000700 -1.000000 -0.000011
vn -0.196977 -0.980375 0.008094
vn 0.000010 -1.000000 -0.000001
vn -0.193259 -0.980371 0.039027
vn 0.000031 -1.000000 -0.000008
vn -0.182666 -0.980362 0.074325
vn 0.002161 -0.999997 -0.001006
vn -0.174319 -0.980348 0.092364
vn 0.001144 -0.999999 -0.000815
vn -0.163734 -0.980356 0.109969
vn -0.150780 -0.980372 0.127031
vn -0.295495 -0.922338 0.248948
vn -0.267195 -0.922322 0.279156
vn 0.000670 -1.000000 -0.000703
vn -0.136351 -0.980365 0.142452
vn -0.237665 -0.922313 0.304721
vn -0.121283 -0.980361 0.155506
vn 0.000364 -1.000000 -0.000548
vn -0.105770 -0.980369 0.166403
vn -0.000000 -1.000000 0.000000
vn -0.075239 -0.980373 0.182229
vn 0.000003 -1.000000 -0.000010
vn -0.047303 -0.980372 0.191400
vn -0.000012 -1.000000 0.000068
vn -0.022154 -0.980372 0.195909
vn 0.000015 -1.000000 -0.000243
vn -0.000836 -0.980368 0.197175
vn -0.000001 -1.000000 -0.000052
vn 0.002227 -0.980370 0.197154
vn 0.000000 -1.000000 -0.000281
vn -0.000243 -0.980372 0.197157
vn 0.004109 -0.980372 0.197115
vn 0.008052 -0.922339 0.386297
vn 0.020817 -0.922339 0.385821
vn -0.000009 -1.000000 -0.000204
vn 0.010622 -0.980372 0.196872
vn 0.037619 -0.922344 0.384534
vn 0.019197 -0.980373 0.196215
vn 0.000050 -1.000000 0.000380
vn 0.032051 -0.980372 0.194536
vn 0.000037 -1.000000 0.000192
vn 0.049560 -0.980376 0.190805
vn 0.000125 -1.000000 0.000455
vn 0.073494 -0.980373 0.182943
vn 0.000016 -1.000000 0.000040
vn 0.088349 -0.980372 0.176253
vn -0.000000 -1.000000 0.000000
vn 0.104836 -0.980371 0.166977
vn -0.000808 -0.999999 -0.001015
vn 0.129999 -0.980354 0.148348
vn -0.000384 -1.000000 -0.000337
vn 0.152295 -0.980371 0.125213
vn 0.298458 -0.922337 0.245392
vn 0.254746 -0.922281 0.290692
vn 0.205451 -0.922338 0.327233
vn 0.173144 -0.922341 0.345411
vn 0.144028 -0.922344 0.358520
vn 0.097128 -0.922357 0.373931
vn 0.062813 -0.922338 0.381243
vn -0.000475 -0.922339 0.386381
vn 0.004364 -0.922332 0.386374
vn -0.001643 -0.922326 0.386410
vn -0.043415 -0.922340 0.383932
vn -0.092703 -0.922338 0.375097
vn -0.147445 -0.922351 0.357111
vn -0.207283 -0.922331 0.326097
vn -0.320852 -0.922292 0.215480
vn -0.341567 -0.922267 0.180986
vn -0.357952 -0.922308 0.145663
vn -0.378729 -0.922342 0.076482
vn -0.386025 -0.922352 0.015869
vn -0.384581 -0.922385 -0.036093
vn -0.378031 -0.922339 -0.079900
vn -0.367915 -0.922341 -0.118006
vn -0.354436 -0.922345 -0.153801
vn -0.335530 -0.922354 -0.191528
vn -0.305337 -0.922340 -0.236767
vn -0.173478 -0.922335 -0.345260
vn -0.120331 -0.922325 -0.367202
vn -0.058870 -0.922316 -0.381927
vn -0.282031 -0.922357 -0.264037
vn -0.291915 -0.922338 -0.253136
vn -0.291046 -0.922346 -0.254108
vn -0.279621 -0.922378 -0.266514
vn -0.239656 -0.922345 -0.303060
vn -0.052723 -0.922337 -0.382773
vn 0.027221 -0.922335 -0.385431
vn 0.105981 -0.922304 -0.371650
vn 0.372601 -0.922342 -0.102247
vn 0.377100 -0.922342 -0.084142
vn 0.879090 -0.434428 -0.196147
vn 0.888868 -0.434465 -0.145443
vn 0.895970 -0.434434 -0.092223
vn 0.899993 -0.434438 -0.035710
vn 0.900379 -0.434277 0.026843
vn 0.895531 -0.434419 0.096459
vn 0.883888 -0.434357 0.173423
vn 0.776619 -0.605671 -0.173280
vn 0.785272 -0.605670 -0.128495
vn 0.791536 -0.605667 -0.081471
vn 0.795087 -0.605674 -0.031552
vn 0.795353 -0.605682 0.023710
vn 0.791135 -0.605675 0.085219
vn 0.780816 -0.605689 0.153191
vn 0.916363 0.000000 0.400347
vn 0.949403 0.000000 0.314060
vn 0.956547 0.000000 0.291578
vn 0.973049 0.000000 0.230597
vn 0.980737 0.000000 0.195332
vn 0.988732 0.000000 0.149695
vn 0.993952 0.000000 0.109812
vn 0.997442 0.000000 0.071481
vn 0.999439 0.000000 0.033503
vn 0.999993 0.000000 -0.003856
vn 0.999380 0.000000 -0.035197
vn 0.997078 0.000000 -0.076392
vn 0.995197 0.000000 -0.097894
vn 0.989175 0.000000 -0.146738
vn 0.987705 0.000000 -0.156327
vn 0.976352 0.000000 -0.216187
vn 0.977206 0.000000 -0.212292
vn 0.963484 0.000000 -0.267766
vn 0.957936 0.000000 -0.286982
vn 0.945631 0.000000 -0.325242
vn 0.931844 0.000000 -0.362859
vn 0.921547 0.000000 -0.388266
vn 0.893206 0.000000 -0.449647
vn 0.886624 0.000000 -0.462491
vn 0.831619 0.000000 -0.555346
vn 0.830250 0.000000 -0.557392
vn 0.725767 0.000000 -0.687941
vn 0.724154 0.000000 -0.689638
vn 0.644759 0.000000 -0.764386
vn 0.629746 0.000000 -0.776802
vn 0.536826 0.000000 -0.843693
vn 0.480638 0.000000 -0.876919
vn 0.396961 0.000000 -0.917836
vn 0.249228 0.000000 -0.968445
vn 0.225933 0.000000 -0.974143
vn 0.104809 0.000000 -0.994492
vn 0.035069 0.000000 -0.999385
vn -0.045637 -0.000000 -0.998958
vn -0.154802 -0.000000 -0.987946
vn -0.186045 -0.000000 -0.982541
vn -0.322933 -0.000000 -0.946422
vn -0.306490 -0.000000 -0.951874
vn -0.458284 -0.000000 -0.888806
vn -0.481291 -0.000000 -0.876561
vn -0.560376 -0.000000 -0.828239
vn -0.589264 -0.000000 -0.807941
vn -0.634230 -0.000000 -0.773144
vn -0.656825 -0.000000 -0.754043
vn -0.721068 -0.000000 -0.692864
vn -0.728075 -0.000000 -0.685498
vn -0.754944 -0.000000 -0.655789
vn -0.754903 -0.000000 -0.655837
vn -0.750740 -0.000000 -0.660598
vn -0.723975 -0.000000 -0.689827
vn -0.704976 -0.000000 -0.709231
vn -0.647457 -0.000000 -0.762102
vn -0.594765 -0.000000 -0.803900
vn -0.479268 -0.000000 -0.877669
vn -0.503033 -0.000000 -0.864267
vn -0.381381 -0.000000 -0.924418
vn -0.342424 -0.000000 -0.939545
vn -0.233088 -0.000000 -0.972456
vn -0.173589 -0.000000 -0.984818
vn -0.072433 -0.000000 -0.997373
vn 0.003466 0.000000 -0.999994
vn 0.078637 0.000000 -0.996903
vn 0.156541 0.000000 -0.987671
vn 0.200829 0.000000 -0.979626
vn 0.324544 0.000000 -0.945871
vn 0.330443 0.000000 -0.943826
vn 0.315180 0.000000 -0.949032
vn 0.314543 0.000000 -0.949243
vn 0.157341 0.000000 -0.987544
vn 0.131376 0.000000 -0.991333
vn 0.025394 0.000000 -0.999678
vn -0.030140 -0.000000 -0.999546
vn -0.133653 -0.000000 -0.991028
vn -0.217405 -0.000000 -0.976081
vn -0.303074 -0.000000 -0.952967
vn -0.394314 -0.000000 -0.918976
vn -0.462610 -0.000000 -0.886562
vn -0.536518 -0.000000 -0.843889
vn -0.597665 -0.000000 -0.801746
vn -0.641884 -0.000000 -0.766802
vn -0.703768 -0.000000 -0.710430
vn -0.718665 -0.000000 -0.695356
vn -0.783922 -0.000000 -0.620859
vn -0.818288 -0.000000 -0.574808
vn -0.843923 -0.000000 -0.536465
vn -0.878847 -0.000000 -0.477103
vn -0.889385 -0.000000 -0.457158
vn -0.920046 -0.000000 -0.391811
vn -0.924722 -0.000000 -0.380642
vn -0.950734 -0.000000 -0.310009
vn -0.952925 -0.000000 -0.303206
vn -0.974569 -0.000000 -0.224087
vn -0.975328 -0.000000 -0.220761
vn -0.991831 -0.000000 -0.127562
vn -0.991498 -0.000000 -0.130119
vn -0.999547 -0.000000 -0.030090
vn -0.999872 -0.000000 -0.016002
vn -0.996888 0.000000 0.078830
vn -0.993569 0.000000 0.113225
vn -0.980846 0.000000 0.194784
vn -0.965512 0.000000 0.260358
vn -0.949177 0.000000 0.314742
vn -0.907197 0.000000 0.420706
vn -0.900761 0.000000 0.434316
vn -0.836423 0.000000 0.548084
vn -0.813701 0.000000 0.581284
vn -0.759338 0.000000 0.650696
vn -0.690529 0.000000 0.723305
vn -0.674361 0.000000 0.738402
vn -0.586640 0.000000 0.809848
vn -0.552762 0.000000 0.833339
vn -0.500422 0.000000 0.865782
vn -0.415404 0.000000 0.909637
vn -0.418622 0.000000 0.908160
vn -0.286741 0.000000 0.958008
vn -0.274450 0.000000 0.961601
vn -0.169376 0.000000 0.985551
vn -0.159273 0.000000 0.987234
vn -0.062454 0.000000 0.998048
vn -0.071344 0.000000 0.997452
vn -0.010059 0.000000 0.999949
vn 0.016825 0.000000 0.999858
vn 0.019609 0.000000 0.999808
vn 0.001268 0.000000 0.999999
vn -0.000639 0.000000 1.000000
vn -0.002582 0.000000 0.999997
vn 0.007823 0.000000 0.999969
vn 0.046153 0.000000 0.998934
vn 0.029387 0.000000 0.999568
vn 0.060520 0.000000 0.998167
vn 0.129682 0.000000 0.991556
vn 0.148959 0.000000 0.988843
vn 0.188567 0.000000 0.982060
vn 0.208415 0.000000 0.978041
vn 0.264413 0.000000 0.964410
vn 0.279243 0.000000 0.960220
vn 0.361813 0.000000 0.932251
vn 0.361472 0.000000 0.932383
vn 0.453758 0.000000 0.891125
vn 0.483610 0.000000 0.875284
vn 0.551834 0.000000 0.833954
vn 0.621903 0.000000 0.783095
vn 0.648899 0.000000 0.760874
vn 0.752484 0.000000 0.658611
vn 0.737603 0.000000 0.675235
vn 0.812475 0.000000 0.582996
vn 0.851589 0.000000 0.524210
vn 0.871627 0.000000 0.490170
vn 0.000000 -1.000000 0.000000
vn 0.000000 -1.000000 0.000000
vn 0.000000 -1.000000 0.000000
vn 0.000000 -1.000000 0.000000
vn 0.000000 -1.000000 0.000000
vn 0.000000 -1.000000 0.000000
vn 0.000000 -1.000000 0.000000
vn 0.000000 -1.000000 0.000000
vn 0.000000 -1.000000 0.000000
vn 0.000000 -1.000000 0.000000
vn 0.000000 -1.000000 0.000000
vn 0.000000 -1.000000 0.000000
vn 0.000000 -1.000000 0.000000
vn 0.000000 -1.000000 0.000000
vn 0.000000 -1.000000 0.000000
vn 0.000000 -1.000000 0.000000
vn 0.000000 -1.000000 0.000000
vn 0.000000 -1.000000 0.000000
vn 0.000000 -1.000000 0.000000
vn 0.000000 -1.000000 0.000000
vn 0.000000 -1.000000 0.000000
vn 0.000000 -1.000000 0.000000
vn 0.000000 -1.000000 0.000000
vn 0.000000 -1.000000 0.000000
vn 0.000000 -1.000000 0.000000
vn 0.000000 -1.000000 0.000000
vn 0.000000 -1.000000 0.000000
vn 0.000000 -1.000000 0.000000
vn 0.000000 -1.000000 0.000000
vn 0.000000 -1.000000 0.000000
vn 0.000000 -1.000000 0.000000
vn 0.000000 -1.000000 0.000000
vn 0.000000 -1.000000 0.000000
vn 0.000000 -1.000000 0.000000
vn 0.000000 -1.000000 0.000000
vn 0.000000 -1.000000 0.000000
vn 0.000000 -1.000000 0.000000
vn 0.000000 -1.000000 0.000000
vn 0.000000 -1.000000 0.000000
vn 0.000000 -1.000000 0.000000
vn 0.000000 -1.000000 0.000000
vn 0.000000 -1.000000 0.000000
vn 0.000000 -1.000000 0.000000
vn 0.000000 -1.000000 0.000000
vn 0.000000 -1.000000 0.000000
vn 0.000000 -1.000000 0.000000
vn 0.000000 -1.000000 0.000000
vn 0.000000 -1.000000 0.000000
vn 0.000000 -1.000000 0.000000
vn 0.000000 -1.000000 0.000000
vn 0.000000 -1.000000 0.000000
vn 0.000000 -1.000000 0.000000
vn 0.000000 -1.000000 0.000000
vn 0.000000 -1.000000 0.000000
vn 0.000000 -1.000000 0.000000
vn 0.000000 -1.000000 0.000000
vn 0.000000 -1.000000 0.000000
vn 0.000000 -1.000000 0.000000
vn 0.000000 -1.000000 0.000000
vn 0.000000 -1.000000 0.000000
vn 0.000000 -1.000000 0.000000
vn 0.000000 -1.000000 0.000000
vn 0.000000 -1.000000 0.000000
vn 0.000000 -1.000000 0.000000
vn 0.000000 -1.000000 0.000000
vn -0.000000 1.000000 -0.000000
vn -0.000000 1.000000 -0.000000
vn -0.000000 1.000000 -0.000000
vn -0.000000 1.000000 -0.000000
vn -0.000000 1.000000 -0.000000
vn -0.000000 1.000000 -0.000000
vn -0.000000 1.000000 -0.000000
vn -0.000000 1.000000 -0.000000
vn -0.000000 1.000000 -0.000000
vn -0.000000 1.000000 -0.000000
vn -0.000000 1.000000 -0.000000
vn -0.000000 1.000000 -0.000000
vn -0.000000 1.000000 -0.000000
vn -0.000000 1.000000 -0.000000
vn -0.000000 1.000000 -0.000000
vn -0.000000 1.000000 -0.000000
vn -0.000000 1.000000 -0.000000
vn -0.000000 1.000000 -0.000000
vn -0.000000 1.000000 -0.000000
vn -0.000000 1.000000 -0.000000
vn -0.000000 1.000000 -0.000000
vn -0.000000 1.000000 -0.000000
vn -0.000000 1.000000 -0.000000
vn -0.000000 1.000000 -0.000000
vn -0.000000 1.000000 -0.000000
vn -0.000000 1.000000 -0.000000
vn -0.000000 1.000000 -0.000000
vn -0.000000 1.000000 -0.000000
vn -0.000000 1.000000 -0.000000
vn -0.000000 1.000000 -0.000000
vn -0.000000 1.000000 -0.000000
vn -0.000000 1.000000 -0.000000
vn -0.000000 1.000000 -0.000000
vn -0.000000 1.000000 -0.000000
vn -0.000000 1.000000 -0.000000
vn -0.000000 1.000000 -0.000000
vn -0.000000 1.000000 -0.000000
vn -0.000000 1.000000 -0.000000
vn -0.000000 1.000000 -0.000000
vn -0.000000 1.000000 -0.000000
vn -0.000000 1.000000 -0.000000
vn -0.000000 1.000000 -0.000000
vn -0.000000 1.000000 -0.000000
vn -0.000000 1.000000 -0.000000
vn -0.000000 1.000000 -0.000000
vn -0.000000 1.000000 -0.000000
vn -0.000000 1.000000 -0.000000
vn -0.000000 1.000000 -0.000000
vn -0.000000 1.000000 -0.000000
vn -0.000000 1.000000 -0.000000
vn -0.000000 1.000000 -0.000000
vn -0.000000 1.000000 -0.000000
vn -0.000000 1.000000 -0.000000
vn -0.000000 1.000000 -0.000000
vn -0.000000 1.000000 -0.000000
vn -0.000000 1.000000 -0.000000
vn -0.000000 1.000000 -0.000000
vn -0.000000 1.000000 -0.000000
vn -0.000000 1.000000 -0.000000
vn -0.000000 1.000000 -0.000000
vn -0.000000 1.000000 -0.000000
vn -0.000000 1.000000 -0.000000
vn -0.000000 1.000000 -0.000000
vn -0.000000 1.000000 -0.000000
vn -0.000000 1.000000 -0.000000
vn -0.000000 1.000000 -0.000000
vn -0.000000 1.000000 -0.000000
vn -0.000000 1.000000 -0.000000
vn -0.000000 1.000000 -0.000000
vn -0.000000 1.000000 -0.000000
vn -0.000000 1.000000 -0.000000
vn -0.000000 1.000000 -0.000000
vn -0.000000 1.000000 -0.000000
vn -0.000000 1.000000 -0.000000
vn -0.000000 1.000000 -0.000000
vn -0.000000 1.000000 -0.000000
vn -0.000000 1.000000 -0.000000
vn -0.000000 1.000000 -0.000000
vn -0.000000 1.000000 -0.000000
vn -0.000000 1.000000 -0.000000
vn -0.000000 1.000000 -0.000000
vn -0.000000 1.000000 -0.000000
usemtl Glass_(Clear)
f 145/1/1 1/2/2 174/3/3
f 174/3/3 1/2/2 2/4/4
f 174/3/3 2/4/4 173/5/5
f 173/5/5 2/4/4 3/6/6
f 173/5/5 3/6/6 172/7/7
f 172/7/7 3/6/6 171/8/8
f 172/7/7 171/8/8 179/9/9
f 179/9/9 171/8/8 178/10/10
f 179/9/9 178/10/10 186/11/11
f 186/11/11 178/10/10 185/12/12
f 186/11/11 185/12/12 193/13/13
f 193/13/13 185/12/12 192/14/14
f 193/13/13 192/14/14 199/15/15
f 199/15/15 192/14/14 198/16/16
f 199/15/15 198/16/16 210/17/17
f 210/17/17 198/16/16 211/18/18
f 210/17/17 211/18/18 205/19/19
f 205/19/19 211/18/18 204/20/20
f 205/19/19 204/20/20 219/21/21
f 219/21/21 204/20/20 218/22/22
f 219/21/21 218/22/22 225/23/23
f 225/23/23 218/22/22 224/24/24
f 225/23/23 224/24/24 236/25/25
f 236/25/25 224/24/24 237/26/26
f 236/25/25 237/26/26 231/27/27
f 231/27/27 237/26/26 230/28/28
f 231/27/27 230/28/28 244/29/29
f 244/29/29 230/28/28 243/30/30
f 244/29/29 243/30/30 255/31/31
f 255/31/31 243/30/30 256/32/32
f 255/31/31 256/32/32 251/33/33
f 251/33/33 256/32/32 250/34/34
f 251/33/33 250/34/34 264/35/35
f 264/35/35 250/34/34 263/36/36
f 264/35/35 263/36/36 271/37/37
f 271/37/37 263/36/36 270/38/38
f 271/37/37 270/38/38 278/39/39
f 278/39/39 270/38/38 277/40/40
f 278/39/39 277/40/40 285/41/41
f 285/41/41 277/40/40 284/42/42
f 285/41/41 284/42/42 292/43/43
f 292/43/43 284/42/42 291/44/44
f 292/43/43 291/44/44 299/45/45
f 299/45/45 291/44/44 298/46/46
f 299/45/45 298/46/46 310/47/47
f 310/47/47 298/46/46 311/48/48
f 310/47/47 311/48/48 306/49/49
f 306/49/49 311/48/48 305/50/50
f 306/49/49 305/50/50 322/51/51
f 322/51/51 305/50/50 323/52/52
f 322/51/51 323/52/52 318/53/53
f 318/53/53 323/52/52 317/54/54
f 318/53/53 317/54/54 330/55/55
f 330/55/55 317/54/54 329/56/56
f 330/55/55 329/56/56 337/57/57
f 337/57/57 329/56/56 336/58/58
f 337/57/57 336/58/58 344/59/59
f 344/59/59 336/58/58 343/60/60
f 344/59/59 343/60/60 351/61/61
f 351/61/61 343/60/60 350/62/62
f 351/61/61 350/62/62 358/63/63
f 358/63/63 350/62/62 357/64/64
f 358/63/63 357/64/64 365/65/65
f 365/65/65 357/64/64 364/66/66
f 365/65/65 364/66/66 372/67/67
f 372/67/67 364/66/66 371/68/68
f 372/67/67 371/68/68 378/69/69
f 378/69/69 371/68/68 377/70/70
f 378/69/69 377/70/70 389/71/71
f 389/71/71 377/70/70 390/72/72
f 389/71/71 390/72/72 384/73/73
f 384/73/73 390/72/72 383/74/74
f 384/73/73 383/74/74 398/75/75
f 398/75/75 383/74/74 397/76/76
f 398/75/75 397/76/76 405/77/77
f 405/77/77 397/76/76 404/78/78
f 405/77/77 404/78/78 412/79/79
f 412/79/79 404/78/78 411/80/80
f 412/79/79 411/80/80 419/81/81
f 419/81/81 411/80/80 418/82/82
f 419/81/81 418/82/82 426/83/83
f 426/83/83 418/82/82 425/84/84
f 426/83/83 425/84/84 437/85/85
f 437/85/85 425/84/84 438/86/86
f 437/85/85 438/86/86 433/87/87
f 433/87/87 438/86/86 432/88/88
f 433/87/87 432/88/88 445/89/89
f 445/89/89 432/88/88 444/90/90
f 445/89/89 444/90/90 452/91/91
f 452/91/91 444/90/90 451/92/92
f 452/91/91 451/92/92 459/93/93
f 459/93/93 451/92/92 458/94/94
f 459/93/93 458/94/94 466/95/95
f 466/95/95 458/94/94 465/96/96
f 466/95/95 465/96/96 473/97/97
f 473/97/97 465/96/96 472/98/98
f 473/97/97 472/98/98 480/99/99
f 480/99/99 472/98/98 479/100/100
f 480/99/99 479/100/100 487/101/101
f 487/101/101 479/100/100 486/102/102
f 487/101/101 486/102/102 494/103/103
f 494/103/103 486/102/102 493/104/104
f 494/103/103 493/104/104 505/105/105
f 505/105/105 493/104/104 506/106/106
f 505/105/105 506/106/106 501/107/107
f 501/107/107 506/106/106 500/108/108
f 501/107/107 500/108/108 513/109/109
f 513/109/109 500/108/108 512/110/110
f 513/109/109 512/110/110 520/111/111
f 520/111/111 512/110/110 519/112/112
f 520/111/111 519/112/112 526/113/113
f 526/113/113 519/112/112 525/114/114
f 526/113/113 525/114/114 533/115/115
f 533/115/115 525/114/114 532/116/116
f 533/115/115 532/116/116 540/117/117
f 540/117/117 532/116/116 539/118/118
f 540/117/117 539/118/118 547/119/119
f 547/119/119 539/118/118 546/120/120
f 547/119/119 546/120/120 554/121/121
f 554/121/121 546/120/120 553/122/122
f 554/121/121 553/122/122 565/123/123
f 565/123/123 553/122/122 566/124/124
f 565/123/123 566/124/124 561/125/125
f 561/125/125 566/124/124 560/126/126
f 561/125/125 560/126/126 573/127/127
f 573/127/127 560/126/126 572/128/128
f 573/127/127 572/128/128 580/129/129
f 580/129/129 572/128/128 579/130/130
f 580/129/129 579/130/130 587/131/131
f 587/131/131 579/130/130 586/132/132
f 587/131/131 586/132/132 594/133/133
f 594/133/133 586/132/132 593/134/134
f 594/133/133 593/134/134 601/135/135
f 601/135/135 593/134/134 600/136/136
f 601/135/135 600/136/136 608/137/137
f 608/137/137 600/136/136 607/138/138
f 608/137/137 607/138/138 618/139/139
f 618/139/139 607/138/138 619/140/140
f 618/139/139 619/140/140 615/141/141
f 615/141/141 619/140/140 614/142/142
f 615/141/141 614/142/142 626/143/143
f 626/143/143 614/142/142 625/144/144
f 626/143/143 625/144/144 633/145/145
f 633/145/145 625/144/144 632/146/146
f 633/145/145 632/146/146 640/147/147
f 640/147/147 632/146/146 639/148/148
f 640/147/147 639/148/148 647/149/149
f 647/149/149 639/148/148 646/150/150
f 647/149/149 646/150/150 654/151/151
f 654/151/151 646/150/150 653/152/152
f 654/151/151 653/152/152 661/153/153
f 661/153/153 653/152/152 660/154/154
f 661/153/153 660/154/154 3/155/6
f 3/155/6 660/154/154 4/156/155
f 4/156/155 660/154/154 659/157/156
f 4/156/155 659/157/156 5/158/157
f 5/158/157 659/157/156 658/159/158
f 5/158/157 658/159/158 6/160/159
f 6/160/159 658/159/158 657/161/160
f 6/160/159 657/161/160 77/162/161
f 77/162/161 657/161/160 76/163/162
f 76/163/162 657/161/160 650/164/163
f 76/163/162 650/164/163 75/165/164
f 75/165/164 650/164/163 643/166/165
f 75/165/164 643/166/165 74/167/166
f 74/167/166 643/166/165 636/168/167
f 74/167/166 636/168/167 73/169/168
f 73/169/168 636/168/167 629/170/169
f 73/169/168 629/170/169 72/171/170
f 72/171/170 629/170/169 622/172/171
f 72/171/170 622/172/171 71/173/172
f 71/173/172 622/172/171 611/174/173
f 71/173/172 611/174/173 70/175/174
f 70/175/174 611/174/173 166/176/175
f 70/175/174 166/176/175 69/177/176
f 69/177/176 166/176/175 604/178/177
f 69/177/176 604/178/177 597/179/178
f 597/179/178 604/178/177 605/180/179
f 597/179/178 605/180/179 598/181/180
f 598/181/180 605/180/179 606/182/181
f 598/181/180 606/182/181 599/183/182
f 599/183/182 606/182/181 607/138/138
f 599/183/182 607/138/138 600/136/136
f 3/6/6 4/184/155 171/8/8
f 171/8/8 4/184/155 170/185/183
f 171/8/8 170/185/183 178/10/10
f 178/10/10 170/185/183 177/186/184
f 178/10/10 177/186/184 185/12/12
f 185/12/12 177/186/184 184/187/185
f 185/12/12 184/187/185 192/14/14
f 192/14/14 184/187/185 191/188/186
f 192/14/14 191/188/186 198/16/16
f 198/16/16 191/188/186 197/189/187
f 198/16/16 197/189/187 211/18/18
f 211/18/18 197/189/187 212/190/188
f 211/18/18 212/190/188 204/20/20
f 204/20/20 212/190/188 203/191/189
f 204/20/20 203/191/189 218/22/22
f 218/22/22 203/191/189 217/192/190
f 218/22/22 217/192/190 224/24/24
f 224/24/24 217/192/190 223/193/191
f 224/24/24 223/193/191 237/26/26
f 237/26/26 223/193/191 238/194/192
f 237/26/26 238/194/192 230/28/28
f 230/28/28 238/194/192 229/195/193
f 230/28/28 229/195/193 243/30/30
f 243/30/30 229/195/193 242/196/194
f 243/30/30 242/196/194 256/32/32
f 256/32/32 242/196/194 257/197/195
f 256/32/32 257/197/195 250/34/34
f 250/34/34 257/197/195 249/198/196
f 250/34/34 249/198/196 263/36/36
f 263/36/36 249/198/196 262/199/197
f 263/36/36 262/199/197 270/38/38
f 270/38/38 262/199/197 269/200/198
f 270/38/38 269/200/198 277/40/40
f 277/40/40 269/200/198 276/201/199
f 277/40/40 276/201/199 284/42/42
f 284/42/42 276/201/199 283/202/200
f 284/42/42 283/202/200 291/44/44
f 291/44/44 283/202/200 290/203/201
f 291/44/44 290/203/201 298/46/46
f 298/46/46 290/203/201 297/204/202
f 298/46/46 297/204/202 311/48/48
f 311/48/48 297/204/202 312/205/203
f 311/48/48 312/205/203 305/50/50
f 305/50/50 312/205/203 304/206/204
f 305/50/50 304/206/204 323/52/52
f 323/52/52 304/206/204 324/207/205
f 323/52/52 324/207/205 317/54/54
f 317/54/54 324/207/205 316/208/206
f 317/54/54 316/208/206 329/56/56
f 329/56/56 316/208/206 328/209/207
f 329/56/56 328/209/207 336/58/58
f 336/58/58 328/209/207 335/210/208
f 336/58/58 335/210/208 343/60/60
f 343/60/60 335/210/208 342/211/209
f 343/60/60 342/211/209 350/62/62
f 350/62/62 342/211/209 349/212/210
f 350/62/62 349/212/210 357/64/64
f 357/64/64 349/212/210 356/213/211
f 357/64/64 356/213/211 364/66/66
f 364/66/66 356/213/211 363/214/212
f 364/66/66 363/214/212 371/68/68
f 371/68/68 363/214/212 370/215/213
f 371/68/68 370/215/213 377/70/70
f 377/70/70 370/215/213 376/216/214
f 377/70/70 376/216/214 390/72/72
f 390/72/72 376/216/214 391/217/215
f 390/72/72 391/217/215 383/74/74
f 383/74/74 391/217/215 382/218/216
f 383/74/74 382/218/216 397/76/76
f 397/76/76 382/218/216 396/219/217
f 397/76/76 396/219/217 404/78/78
f 404/78/78 396/219/217 403/220/218
f 404/78/78 403/220/218 411/80/80
f 411/80/80 403/220/218 410/221/219
f 411/80/80 410/221/219 418/82/82
f 418/82/82 410/221/219 417/222/220
f 418/82/82 417/222/220 425/84/84
f 425/84/84 417/222/220 424/223/221
f 425/84/84 424/223/221 438/86/86
f 438/86/86 424/223/221 439/224/222
f 438/86/86 439/224/222 432/88/88
f 432/88/88 439/224/222 431/225/223
f 432/88/88 431/225/223 444/90/90
f 444/90/90 431/225/223 443/226/224
f 444/90/90 443/226/224 451/92/92
f 451/92/92 443/226/224 450/227/225
f 451/92/92 450/227/225 458/94/94
f 458/94/94 450/227/225 457/228/226
f 458/94/94 457/228/226 465/96/96
f 465/96/96 457/228/226 464/229/227
f 465/96/96 464/229/227 472/98/98
f 472/98/98 464/229/227 471/230/228
f 472/98/98 471/230/228 479/100/100
f 479/100/100 471/230/228 478/231/229
f 479/100/100 478/231/229 486/102/102
f 486/102/102 478/231/229 485/232/230
f 486/102/102 485/232/230 493/104/104
f 493/104/104 485/232/230 492/233/231
f 493/104/104 492/233/231 506/106/106
f 506/106/106 492/233/231 507/234/232
f 506/106/106 507/234/232 500/108/108
f 500/108/108 507/234/232 499/235/233
f 500/108/108 499/235/233 512/110/110
f 512/110/110 499/235/233 511/236/234
f 512/110/110 511/236/234 519/112/112
f 519/112/112 511/236/234 518/237/235
f 519/112/112 518/237/235 525/114/114
f 525/114/114 518/237/235 524/238/236
f 525/114/114 524/238/236 532/116/116
f 532/116/116 524/238/236 531/239/237
f 532/116/116 531/239/237 539/118/118
f 539/118/118 531/239/237 538/240/238
f 539/118/118 538/240/238 546/120/120
f 546/120/120 538/240/238 545/241/239
f 546/120/120 545/241/239 553/122/122
f 553/122/122 545/241/239 552/242/240
f 553/122/122 552/242/240 566/124/124
f 566/124/124 552/242/240 567/243/241
f 566/124/124 567/243/241 560/126/126
f 560/126/126 567/243/241 559/244/242
f 560/126/126 559/244/242 572/128/128
f 572/128/128 559/244/242 571/245/243
f 572/128/128 571/245/243 579/130/130
f 579/130/130 571/245/243 578/246/244
f 579/130/130 578/246/244 586/132/132
f 586/132/132 578/246/244 585/247/245
f 586/132/132 585/247/245 593/134/134
f 593/134/134 585/247/245 592/248/246
f 593/134/134 592/248/246 600/136/136
f 600/136/136 592/248/246 599/183/182
f 4/184/155 5/249/157 170/185/183
f 170/185/183 5/249/157 169/250/247
f 170/185/183 169/250/247 177/186/184
f 177/186/184 169/250/247 176/251/248
f 177/186/184 176/251/248 184/187/185
f 184/187/185 176/251/248 183/252/249
f 184/187/185 183/252/249 191/188/186
f 191/188/186 183/252/249 190/253/250
f 191/188/186 190/253/250 197/189/187
f 197/189/187 190/253/250 196/254/251
f 197/189/187 196/254/251 212/190/188
f 212/190/188 196/254/251 213/255/252
f 212/190/188 213/255/252 203/191/189
f 203/191/189 213/255/252 202/256/253
f 203/191/189 202/256/253 217/192/190
f 217/192/190 202/256/253 216/257/254
f 217/192/190 216/257/254 223/193/191
f 223/193/191 216/257/254 222/258/255
f 223/193/191 222/258/255 238/194/192
f 238/194/192 222/258/255 239/259/256
f 238/194/192 239/259/256 229/195/193
f 229/195/193 239/259/256 228/260/257
f 229/195/193 228/260/257 242/196/194
f 242/196/194 228/260/257 241/261/258
f 242/196/194 241/261/258 257/197/195
f 257/197/195 241/261/258 258/262/259
f 257/197/195 258/262/259 249/198/196
f 249/198/196 258/262/259 248/263/260
f 249/198/196 248/263/260 262/199/197
f 262/199/197 248/263/260 261/264/261
f 262/199/197 261/264/261 269/200/198
f 269/200/198 261/264/261 268/265/262
f 269/200/198 268/265/262 276/201/199
f 276/201/199 268/265/262 275/266/263
f 276/201/199 275/266/263 283/202/200
f 283/202/200 275/266/263 282/267/264
f 283/202/200 282/267/264 290/203/201
f 290/203/201 282/267/264 289/268/265
f 290/203/201 289/268/265 297/204/202
f 297/204/202 289/268/265 296/269/266
f 297/204/202 296/269/266 312/205/203
f 312/205/203 296/269/266 313/270/267
f 312/205/203 313/270/267 304/206/204
f 304/206/204 313/270/267 303/271/268
f 304/206/204 303/271/268 324/207/205
f 324/207/205 303/271/268 325/272/269
f 324/207/205 325/272/269 316/208/206
f 316/208/206 325/272/269 315/273/270
f 316/208/206 315/273/270 328/209/207
f 328/209/207 315/273/270 327/274/271
f 328/209/207 327/274/271 335/210/208
f 335/210/208 327/274/271 334/275/272
f 335/210/208 334/275/272 342/211/209
f 342/211/209 334/275/272 341/276/273
f 342/211/209 341/276/273 349/212/210
f 349/212/210 341/276/273 348/277/274
f 349/212/210 348/277/274 356/213/211
f 356/213/211 348/277/274 355/278/275
f 356/213/211 355/278/275 363/214/212
f 363/214/212 355/278/275 362/279/276
f 363/214/212 362/279/276 370/215/213
f 370/215/213 362/279/276 369/280/277
f 370/215/213 369/280/277 376/216/214
f 376/216/214 369/280/277 375/281/278
f 376/216/214 375/281/278 391/217/215
f 391/217/215 375/281/278 392/282/279
f 391/217/215 392/282/279 382/218/216
f 382/218/216 392/282/279 381/283/280
f 382/218/216 381/283/280 396/219/217
f 396/219/217 381/283/280 395/284/281
f 396/219/217 395/284/281 403/220/218
f 403/220/218 395/284/281 402/285/282
f 403/220/218 402/285/282 410/221/219
f 410/221/219 402/285/282 409/286/283
f 410/221/219 409/286/283 417/222/220
f 417/222/220 409/286/283 416/287/284
f 417/222/220 416/287/284 424/223/221
f 424/223/221 416/287/284 423/288/285
f 424/223/221 423/288/285 439/224/222
f 439/224/222 423/288/285 440/289/286
f 439/224/222 440/289/286 431/225/223
f 431/225/223 440/289/286 430/290/287
f 431/225/223 430/290/287 443/226/224
f 443/226/224 430/290/287 442/291/288
f 443/226/224 442/291/288 450/227/225
f 450/227/225 442/291/288 449/292/289
f 450/227/225 449/292/289 457/228/226
f 457/228/226 449/292/289 456/293/290
f 457/228/226 456/293/290 464/229/227
f 464/229/227 456/293/290 463/294/291
f 464/229/227 463/294/291 471/230/228
f 471/230/228 463/294/291 470/295/292
f 471/230/228 470/295/292 478/231/229
f 478/231/229 470/295/292 477/296/293
f 478/231/229 477/296/293 485/232/230
f 485/232/230 477/296/293 484/297/294
f 485/232/230 484/297/294 492/233/231
f 492/233/231 484/297/294 491/298/295
f 492/233/231 491/298/295 507/234/232
f 507/234/232 491/298/295 508/299/296
f 507/234/232 508/299/296 499/235/233
f 499/235/233 508/299/296 498/300/297
f 499/235/233 498/300/297 511/236/234
f 511/236/234 498/300/297 510/301/298
f 511/236/234 510/301/298 518/237/235
f 518/237/235 510/301/298 517/302/299
f 518/237/235 517/302/299 524/238/236
f 524/238/236 517/302/299 523/303/300
f 524/238/236 523/303/300 531/239/237
f 531/239/237 523/303/300 530/304/301
f 531/239/237 530/304/301 538/240/238
f 538/240/238 530/304/301 537/305/302
f 538/240/238 537/305/302 545/241/239
f 545/241/239 537/305/302 544/306/303
f 545/241/239 544/306/303 552/242/240
f 552/242/240 544/306/303 551/307/304
f 552/242/240 551/307/304 567/243/241
f 567/243/241 551/307/304 568/308/305
f 567/243/241 568/308/305 559/244/242
f 559/244/242 568/308/305 558/309/306
f 559/244/242 558/309/306 571/245/243
f 571/245/243 558/309/306 570/310/307
f 571/245/243 570/310/307 578/246/244
f 578/246/244 570/310/307 577/311/308
f 578/246/244 577/311/308 585/247/245
f 585/247/245 577/311/308 584/312/309
f 585/247/245 584/312/309 592/248/246
f 592/248/246 584/312/309 591/313/310
f 592/248/246 591/313/310 599/183/182
f 599/183/182 591/313/310 598/181/180
f 5/249/157 6/314/159 169/250/247
f 169/250/247 6/314/159 168/315/311
f 169/250/247 168/315/311 176/251/248
f 176/251/248 168/315/311 175/316/312
f 176/251/248 175/316/312 183/252/249
f 183/252/249 175/316/312 182/317/313
f 183/252/249 182/317/313 190/253/250
f 190/253/250 182/317/313 189/318/314
f 190/253/250 189/318/314 196/254/251
f 196/254/251 189/318/314 147/319/315
f 196/254/251 147/319/315 213/255/252
f 213/255/252 147/319/315 214/320/316
f 213/255/252 214/320/316 202/256/253
f 202/256/253 214/320/316 201/321/317
f 202/256/253 201/321/317 216/257/254
f 216/257/254 201/321/317 215/322/318
f 216/257/254 215/322/318 222/258/255
f 222/258/255 215/322/318 149/323/319
f 222/258/255 149/323/319 239/259/256
f 239/259/256 149/323/319 240/324/320
f 239/259/256 240/324/320 228/260/257
f 228/260/257 240/324/320 227/325/321
f 228/260/257 227/325/321 241/261/258
f 241/261/258 227/325/321 151/326/322
f 241/261/258 151/326/322 258/262/259
f 258/262/259 151/326/322 259/327/323
f 258/262/259 259/327/323 248/263/260
f 248/263/260 259/327/323 247/328/324
f 248/263/260 247/328/324 261/264/261
f 261/264/261 247/328/324 260/329/325
f 261/264/261 260/329/325 268/265/262
f 268/265/262 260/329/325 267/330/326
f 268/265/262 267/330/326 275/266/263
f 275/266/263 267/330/326 274/331/327
f 275/266/263 274/331/327 282/267/264
f 282/267/264 274/331/327 281/332/328
f 282/267/264 281/332/328 289/268/265
f 289/268/265 281/332/328 288/333/329
f 289/268/265 288/333/329 296/269/266
f 296/269/266 288/333/329 295/334/330
f 296/269/266 295/334/330 313/270/267
f 313/270/267 295/334/330 153/335/331
f 313/270/267 153/335/331 303/271/268
f 303/271/268 153/335/331 302/336/332
f 303/271/268 302/336/332 325/272/269
f 325/272/269 302/336/332 155/337/333
f 325/272/269 155/337/333 315/273/270
f 315/273/270 155/337/333 314/338/334
f 315/273/270 314/338/334 327/274/271
f 327/274/271 314/338/334 326/339/335
f 327/274/271 326/339/335 334/275/272
f 334/275/272 326/339/335 333/340/336
f 334/275/272 333/340/336 341/276/273
f 341/276/273 333/340/336 340/341/337
f 341/276/273 340/341/337 348/277/274
f 348/277/274 340/341/337 347/342/338
f 348/277/274 347/342/338 355/278/275
f 355/278/275 347/342/338 354/343/339
f 355/278/275 354/343/339 362/279/276
f 362/279/276 354/343/339 361/344/340
f 362/279/276 361/344/340 369/280/277
f 369/280/277 361/344/340 368/345/341
f 369/280/277 368/345/341 375/281/278
f 375/281/278 368/345/341 157/346/342
f 375/281/278 157/346/342 392/282/279
f 392/282/279 157/346/342 393/347/343
f 392/282/279 393/347/343 381/283/280
f 381/283/280 393/347/343 380/348/344
f 381/283/280 380/348/344 395/284/281
f 395/284/281 380/348/344 394/349/345
f 395/284/281 394/349/345 402/285/282
f 402/285/282 394/349/345 401/350/346
f 402/285/282 401/350/346 409/286/283
f 409/286/283 401/350/346 408/351/347
f 409/286/283 408/351/347 416/287/284
f 416/287/284 408/351/347 415/352/348
f 416/287/284 415/352/348 423/288/285
f 423/288/285 415/352/348 422/353/349
f 423/288/285 422/353/349 440/289/286
f 440/289/286 422/353/349 159/354/350
f 440/289/286 159/354/350 430/290/287
f 430/290/287 159/354/350 429/355/351
f 430/290/287 429/355/351 442/291/288
f 442/291/288 429/355/351 441/356/352
f 442/291/288 441/356/352 449/292/289
f 449/292/289 441/356/352 448/357/353
f 449/292/289 448/357/353 456/293/290
f 456/293/290 448/357/353 455/358/354
f 456/293/290 455/358/354 463/294/291
f 463/294/291 455/358/354 462/359/355
f 463/294/291 462/359/355 470/295/292
f 470/295/292 462/359/355 469/360/356
f 470/295/292 469/360/356 477/296/293
f 477/296/293 469/360/356 476/361/357
f 477/296/293 476/361/357 484/297/294
f 484/297/294 476/361/357 483/362/358
f 484/297/294 483/362/358 491/298/295
f 491/298/295 483/362/358 490/363/359
f 491/298/295 490/363/359 508/299/296
f 508/299/296 490/363/359 161/364/360
f 508/299/296 161/364/360 498/300/297
f 498/300/297 161/364/360 497/365/361
f 498/300/297 497/365/361 510/301/298
f 510/301/298 497/365/361 509/366/362
f 510/301/298 509/366/362 517/302/299
f 517/302/299 509/366/362 516/367/363
f 517/302/299 516/367/363 523/303/300
f 523/303/300 516/367/363 522/368/364
f 523/303/300 522/368/364 530/304/301
f 530/304/301 522/368/364 529/369/365
f 530/304/301 529/369/365 537/305/302
f 537/305/302 529/369/365 536/370/366
f 537/305/302 536/370/366 544/306/303
f 544/306/303 536/370/366 543/371/367
f 544/306/303 543/371/367 551/307/304
f 551/307/304 543/371/367 550/372/368
f 551/307/304 550/372/368 568/308/305
f 568/308/305 550/372/368 164/373/369
f 568/308/305 164/373/369 558/309/306
f 558/309/306 164/373/369 557/374/370
f 558/309/306 557/374/370 570/310/307
f 570/310/307 557/374/370 569/375/371
f 570/310/307 569/375/371 577/311/308
f 577/311/308 569/375/371 576/376/372
f 577/311/308 576/376/372 584/312/309
f 584/312/309 576/376/372 583/377/373
f 584/312/309 583/377/373 591/313/310
f 591/313/310 583/377/373 590/378/374
f 591/313/310 590/378/374 598/181/180
f 598/181/180 590/378/374 597/179/178
f 6/314/159 7/379/375 168/315/311
f 168/315/311 7/379/375 8/380/376
f 168/315/311 8/380/376 175/316/312
f 175/316/312 8/380/376 9/381/377
f 175/316/312 9/381/377 182/317/313
f 182/317/313 9/381/377 10/382/378
f 182/317/313 10/382/378 189/318/314
f 189/318/314 10/382/378 11/383/379
f 189/318/314 11/383/379 147/319/315
f 147/319/315 11/383/379 12/384/380
f 147/319/315 12/384/380 214/320/316
f 214/320/316 12/384/380 13/385/381
f 214/320/316 13/385/381 201/321/317
f 201/321/317 13/385/381 14/386/382
f 201/321/317 14/386/382 215/322/318
f 215/322/318 14/386/382 15/387/383
f 215/322/318 15/387/383 149/323/319
f 149/323/319 15/387/383 16/388/384
f 149/323/319 16/388/384 240/324/320
f 240/324/320 16/388/384 227/325/321
f 16/388/384 17/389/385 227/325/321
f 227/325/321 17/389/385 151/326/322
f 17/389/385 18/390/386 151/326/322
f 151/326/322 18/390/386 259/327/323
f 259/327/323 18/390/386 247/328/324
f 247/328/324 18/390/386 19/391/387
f 247/328/324 19/391/387 260/329/325
f 260/329/325 19/391/387 20/392/388
f 260/329/325 20/392/388 267/330/326
f 267/330/326 20/392/388 21/393/389
f 267/330/326 21/393/389 274/331/327
f 274/331/327 21/393/389 22/394/390
f 274/331/327 22/394/390 281/332/328
f 281/332/328 22/394/390 23/395/391
f 281/332/328 23/395/391 288/333/329
f 288/333/329 23/395/391 24/396/392
f 288/333/329 24/396/392 295/334/330
f 295/334/330 24/396/392 153/335/331
f 24/396/392 25/397/393 153/335/331
f 153/335/331 25/397/393 302/336/332
f 302/336/332 25/397/393 155/337/333
f 155/337/333 25/397/393 26/398/394
f 155/337/333 26/398/394 314/338/334
f 314/338/334 26/398/394 27/399/395
f 314/338/334 27/399/395 326/339/335
f 326/339/335 27/399/395 28/400/396
f 326/339/335 28/400/396 333/340/336
f 333/340/336 28/400/396 29/401/397
f 333/340/336 29/401/397 340/341/337
f 340/341/337 29/401/397 30/402/398
f 340/341/337 30/402/398 347/342/338
f 347/342/338 30/402/398 31/403/399
f 347/342/338 31/403/399 354/343/339
f 354/343/339 31/403/399 32/404/400
f 354/343/339 32/404/400 33/405/401
f 354/343/339 33/405/401 361/344/340
f 361/344/340 33/405/401 34/406/402
f 361/344/340 34/406/402 368/345/341
f 368/345/341 34/406/402 35/407/403
f 368/345/341 35/407/403 157/346/342
f 157/346/342 35/407/403 36/408/404
f 157/346/342 36/408/404 393/347/343
f 393/347/343 36/408/404 380/348/344
f 36/408/404 37/409/405 380/348/344
f 380/348/344 37/409/405 38/410/406
f 380/348/344 38/410/406 394/349/345
f 394/349/345 38/410/406 39/411/407
f 394/349/345 39/411/407 401/350/346
f 401/350/346 39/411/407 40/412/408
f 401/350/346 40/412/408 408/351/347
f 408/351/347 40/412/408 41/413/409
f 408/351/347 41/413/409 415/352/348
f 415/352/348 41/413/409 42/414/410
f 415/352/348 42/414/410 422/353/349
f 422/353/349 42/414/410 159/354/350
f 42/414/410 43/415/411 159/354/350
f 159/354/350 43/415/411 429/355/351
f 43/415/411 44/416/412 429/355/351
f 429/355/351 44/416/412 441/356/352
f 44/416/412 45/417/413 441/356/352
f 441/356/352 45/417/413 448/357/353
f 45/417/413 46/418/414 448/357/353
f 448/357/353 46/418/414 455/358/354
f 46/418/414 47/419/415 455/358/354
f 455/358/354 47/419/415 462/359/355
f 47/419/415 48/420/416 462/359/355
f 462/359/355 48/420/416 469/360/356
f 48/420/416 49/421/417 469/360/356
f 469/360/356 49/421/417 476/361/357
f 49/421/417 50/422/418 476/361/357
f 476/361/357 50/422/418 483/362/358
f 50/422/418 51/423/419 483/362/358
f 483/362/358 51/423/419 490/363/359
f 490/363/359 51/423/419 161/364/360
f 161/364/360 51/423/419 52/424/420
f 161/364/360 52/424/420 497/365/361
f 497/365/361 52/424/420 53/425/421
f 497/365/361 53/425/421 509/366/362
f 509/366/362 53/425/421 54/426/422
f 509/366/362 54/426/422 516/367/363
f 516/367/363 54/426/422 55/427/423
f 516/367/363 55/427/423 522/368/364
f 522/368/364 55/427/423 56/428/424
f 522/368/364 56/428/424 529/369/365
f 529/369/365 56/428/424 57/429/425
f 529/369/365 57/429/425 58/430/426
f 529/369/365 58/430/426 536/370/366
f 536/370/366 58/430/426 59/431/427
f 536/370/366 59/431/427 543/371/367
f 543/371/367 59/431/427 60/432/428
f 543/371/367 60/432/428 550/372/368
f 550/372/368 60/432/428 61/433/429
f 550/372/368 61/433/429 164/373/369
f 164/373/369 61/433/429 62/434/430
f 164/373/369 62/434/430 557/374/370
f 557/374/370 62/434/430 63/435/431
f 557/374/370 63/435/431 64/436/432
f 557/374/370 64/436/432 569/375/371
f 569/375/371 64/436/432 65/437/433
f 569/375/371 65/437/433 576/376/372
f 576/376/372 65/437/433 66/438/434
f 576/376/372 66/438/434 583/377/373
f 583/377/373 66/438/434 67/439/435
f 583/377/373 67/439/435 590/378/374
f 590/378/374 67/439/435 68/440/436
f 590/378/374 68/440/436 597/179/178
f 597/179/178 68/440/436 69/177/176
f 77/162/161 7/441/375 6/160/159
f 661/153/153 3/155/6 662/442/437
f 662/442/437 3/155/6 2/443/4
f 662/442/437 2/443/4 663/444/438
f 663/444/438 2/443/4 1/445/2
f 663/444/438 1/445/2 78/446/439
f 78/446/439 79/447/440 663/444/438
f 663/444/438 79/447/440 656/448/441
f 663/444/438 656/448/441 655/449/442
f 655/449/442 656/448/441 648/450/443
f 655/449/442 648/450/443 647/149/149
f 647/149/149 648/450/443 640/147/147
f 79/447/440 80/451/444 656/448/441
f 656/448/441 80/451/444 649/452/445
f 656/448/441 649/452/445 648/450/443
f 648/450/443 649/452/445 641/453/446
f 648/450/443 641/453/446 640/147/147
f 640/147/147 641/453/446 633/145/145
f 80/451/444 81/454/447 649/452/445
f 649/452/445 81/454/447 642/455/448
f 649/452/445 642/455/448 641/453/446
f 641/453/446 642/455/448 634/456/449
f 641/453/446 634/456/449 633/145/145
f 633/145/145 634/456/449 626/143/143
f 81/454/447 82/457/450 642/455/448
f 642/455/448 82/457/450 635/458/451
f 642/455/448 635/458/451 634/456/449
f 634/456/449 635/458/451 627/459/452
f 634/456/449 627/459/452 626/143/143
f 626/143/143 627/459/452 615/141/141
f 82/457/450 83/460/453 635/458/451
f 635/458/451 83/460/453 628/461/454
f 635/458/451 628/461/454 627/459/452
f 627/459/452 628/461/454 616/462/455
f 627/459/452 616/462/455 615/141/141
f 615/141/141 616/462/455 618/139/139
f 628/461/454 83/460/453 167/463/456
f 167/463/456 83/460/453 84/464/457
f 167/463/456 84/464/457 165/465/458
f 165/465/458 84/464/457 85/466/459
f 165/465/458 85/466/459 610/467/460
f 610/467/460 85/466/459 603/468/461
f 610/467/460 603/468/461 602/469/462
f 602/469/462 603/468/461 595/470/463
f 602/469/462 595/470/463 594/133/133
f 594/133/133 595/470/463 587/131/131
f 85/466/459 86/471/464 603/468/461
f 603/468/461 86/471/464 596/472/465
f 603/468/461 596/472/465 595/470/463
f 595/470/463 596/472/465 588/473/466
f 595/470/463 588/473/466 587/131/131
f 587/131/131 588/473/466 580/129/129
f 86/471/464 87/474/467 596/472/465
f 596/472/465 87/474/467 589/475/468
f 596/472/465 589/475/468 588/473/466
f 588/473/466 589/475/468 581/476/469
f 588/473/466 581/476/469 580/129/129
f 580/129/129 581/476/469 573/127/127
f 87/474/467 88/477/470 589/475/468
f 589/475/468 88/477/470 582/478/471
f 589/475/468 582/478/471 581/476/469
f 581/476/469 582/478/471 574/479/472
f 581/476/469 574/479/472 573/127/127
f 573/127/127 574/479/472 561/125/125
f 88/477/470 89/480/473 582/478/471
f 582/478/471 89/480/473 575/481/474
f 582/478/471 575/481/474 574/479/472
f 574/479/472 575/481/474 562/482/475
f 574/479/472 562/482/475 561/125/125
f 561/125/125 562/482/475 565/123/123
f 89/480/473 90/483/476 575/481/474
f 575/481/474 90/483/476 563/484/477
f 575/481/474 563/484/477 562/482/475
f 562/482/475 563/484/477 564/485/478
f 562/482/475 564/485/478 565/123/123
f 565/123/123 564/485/478 554/121/121
f 90/483/476 91/486/479 563/484/477
f 563/484/477 91/486/479 92/487/480
f 563/484/477 92/487/480 163/488/481
f 163/488/481 92/487/480 93/489/482
f 163/488/481 93/489/482 556/490/483
f 556/490/483 93/489/482 94/491/484
f 556/490/483 94/491/484 549/492/485
f 549/492/485 94/491/484 95/493/486
f 549/492/485 95/493/486 542/494/487
f 542/494/487 95/493/486 96/495/488
f 542/494/487 96/495/488 535/496/489
f 535/496/489 96/495/488 97/497/490
f 535/496/489 97/497/490 98/498/491
f 99/499/492 162/500/493 98/498/491
f 98/498/491 162/500/493 528/501/494
f 98/498/491 528/501/494 535/496/489
f 535/496/489 528/501/494 527/502/495
f 535/496/489 527/502/495 534/503/496
f 534/503/496 527/502/495 526/113/113
f 534/503/496 526/113/113 533/115/115
f 162/500/493 99/499/492 515/504/497
f 515/504/497 99/499/492 100/505/498
f 515/504/497 100/505/498 503/506/499
f 503/506/499 100/505/498 101/507/500
f 503/506/499 101/507/500 160/508/501
f 160/508/501 101/507/500 102/509/502
f 160/508/501 102/509/502 496/510/503
f 496/510/503 102/509/502 489/511/504
f 496/510/503 489/511/504 488/512/505
f 488/512/505 489/511/504 481/513/506
f 488/512/505 481/513/506 480/99/99
f 480/99/99 481/513/506 473/97/97
f 102/509/502 103/514/507 489/511/504
f 489/511/504 103/514/507 482/515/508
f 489/511/504 482/515/508 481/513/506
f 481/513/506 482/515/508 474/516/509
f 481/513/506 474/516/509 473/97/97
f 473/97/97 474/516/509 466/95/95
f 103/514/507 104/517/510 482/515/508
f 482/515/508 104/517/510 475/518/511
f 482/515/508 475/518/511 474/516/509
f 474/516/509 475/518/511 467/519/512
f 474/516/509 467/519/512 466/95/95
f 466/95/95 467/519/512 459/93/93
f 104/517/510 105/520/513 475/518/511
f 475/518/511 105/520/513 468/521/514
f 475/518/511 468/521/514 467/519/512
f 467/519/512 468/521/514 460/522/515
f 467/519/512 460/522/515 459/93/93
f 459/93/93 460/522/515 452/91/91
f 105/520/513 106/523/516 468/521/514
f 468/521/514 106/523/516 461/524/517
f 468/521/514 461/524/517 460/522/515
f 460/522/515 461/524/517 453/525/518
f 460/522/515 453/525/518 452/91/91
f 452/91/91 453/525/518 445/89/89
f 106/523/516 107/526/519 461/524/517
f 461/524/517 107/526/519 454/527/520
f 461/524/517 454/527/520 453/525/518
f 453/525/518 454/527/520 446/528/521
f 453/525/518 446/528/521 445/89/89
f 445/89/89 446/528/521 433/87/87
f 107/526/519 108/529/522 454/527/520
f 454/527/520 108/529/522 447/530/523
f 454/527/520 447/530/523 446/528/521
f 446/528/521 447/530/523 434/531/524
f 446/528/521 434/531/524 433/87/87
f 433/87/87 434/531/524 437/85/85
f 108/529/522 109/532/525 447/530/523
f 447/530/523 109/532/525 435/533/526
f 447/530/523 435/533/526 434/531/524
f 434/531/524 435/533/526 436/534/527
f 434/531/524 436/534/527 437/85/85
f 437/85/85 436/534/527 426/83/83
f 109/532/525 110/535/528 435/533/526
f 435/533/526 110/535/528 158/536/529
f 435/533/526 158/536/529 436/534/527
f 436/534/527 158/536/529 427/537/530
f 436/534/527 427/537/530 426/83/83
f 426/83/83 427/537/530 419/81/81
f 110/535/528 111/538/531 158/536/529
f 158/536/529 111/538/531 428/539/532
f 158/536/529 428/539/532 427/537/530
f 427/537/530 428/539/532 420/540/533
f 427/537/530 420/540/533 419/81/81
f 419/81/81 420/540/533 412/79/79
f 428/539/532 111/538/531 421/541/534
f 421/541/534 111/538/531 112/542/535
f 421/541/534 112/542/535 414/543/536
f 414/543/536 112/542/535 113/544/537
f 414/543/536 113/544/537 407/545/538
f 407/545/538 113/544/537 114/546/539
f 407/545/538 114/546/539 400/547/540
f 400/547/540 114/546/539 115/548/541
f 400/547/540 115/548/541 386/549/542
f 386/549/542 115/548/541 116/550/543
f 386/549/542 116/550/543 117/551/544
f 118/552/545 156/553/546 117/551/544
f 117/551/544 156/553/546 387/554/547
f 117/551/544 387/554/547 386/549/542
f 386/549/542 387/554/547 388/555/548
f 386/549/542 388/555/548 385/556/549
f 385/556/549 388/555/548 389/71/71
f 385/556/549 389/71/71 384/73/73
f 156/553/546 118/552/545 374/557/550
f 374/557/550 118/552/545 119/558/551
f 374/557/550 119/558/551 367/559/552
f 367/559/552 119/558/551 120/560/553
f 367/559/552 120/560/553 360/561/554
f 360/561/554 120/560/553 121/562/555
f 360/561/554 121/562/555 122/563/556
f 360/561/554 122/563/556 353/564/557
f 353/564/557 122/563/556 123/565/558
f 353/564/557 123/565/558 346/566/559
f 346/566/559 123/565/558 124/567/560
f 346/566/559 124/567/560 339/568/561
f 339/568/561 124/567/560 125/569/562
f 339/568/561 125/569/562 332/570/563
f 332/570/563 125/569/562 126/571/564
f 332/570/563 126/571/564 320/572/565
f 320/572/565 126/571/564 127/573/566
f 320/572/565 127/573/566 154/574/567
f 154/574/567 127/573/566 128/575/568
f 154/574/567 128/575/568 308/576/569
f 308/576/569 128/575/568 152/577/570
f 308/576/569 152/577/570 309/578/571
f 309/578/571 152/577/570 300/579/572
f 309/578/571 300/579/572 299/45/45
f 299/45/45 300/579/572 292/43/43
f 128/575/568 129/580/573 152/577/570
f 152/577/570 129/580/573 301/581/574
f 152/577/570 301/581/574 300/579/572
f 300/579/572 301/581/574 293/582/575
f 300/579/572 293/582/575 292/43/43
f 292/43/43 293/582/575 285/41/41
f 301/581/574 129/580/573 294/583/576
f 294/583/576 129/580/573 130/584/577
f 294/583/576 130/584/577 287/585/578
f 287/585/578 130/584/577 131/586/579
f 287/585/578 131/586/579 280/587/580
f 280/587/580 131/586/579 132/588/581
f 280/587/580 132/588/581 273/589/582
f 273/589/582 132/588/581 133/590/583
f 273/589/582 133/590/583 266/591/584
f 266/591/584 133/590/583 134/592/585
f 266/591/584 134/592/585 253/593/586
f 253/593/586 134/592/585 135/594/587
f 253/593/586 135/594/587 150/595/588
f 150/595/588 135/594/587 136/596/589
f 150/595/588 136/596/589 246/597/590
f 246/597/590 136/596/589 233/598/591
f 246/597/590 233/598/591 232/599/592
f 232/599/592 233/598/591 235/600/593
f 232/599/592 235/600/593 236/25/25
f 236/25/25 235/600/593 225/23/23
f 136/596/589 137/601/594 233/598/591
f 233/598/591 137/601/594 234/602/595
f 233/598/591 234/602/595 235/600/593
f 235/600/593 234/602/595 226/603/596
f 235/600/593 226/603/596 225/23/23
f 225/23/23 226/603/596 219/21/21
f 234/602/595 137/601/594 148/604/597
f 148/604/597 137/601/594 138/605/598
f 148/604/597 138/605/598 221/606/599
f 221/606/599 138/605/598 139/607/600
f 221/606/599 139/607/600 207/608/601
f 207/608/601 139/607/600 140/609/602
f 207/608/601 140/609/602 208/610/603
f 208/610/603 140/609/602 141/611/604
f 208/610/603 141/611/604 146/612/605
f 146/612/605 141/611/604 142/613/606
f 146/612/605 142/613/606 195/614/607
f 195/614/607 142/613/606 143/615/608
f 195/614/607 143/615/608 188/616/609
f 188/616/609 143/615/608 144/617/610
f 188/616/609 144/617/610 181/618/611
f 181/618/611 144/617/610 145/1/1
f 181/618/611 145/1/1 174/3/3
f 181/618/611 174/3/3 173/5/5
f 173/5/5 172/7/7 180/619/612
f 180/619/612 172/7/7 179/9/9
f 180/619/612 179/9/9 187/620/613
f 187/620/613 179/9/9 186/11/11
f 187/620/613 186/11/11 194/621/614
f 194/621/614 186/11/11 193/13/13
f 194/621/614 193/13/13 200/622/615
f 200/622/615 193/13/13 199/15/15
f 200/622/615 199/15/15 209/623/616
f 209/623/616 199/15/15 210/17/17
f 209/623/616 210/17/17 206/624/617
f 206/624/617 210/17/17 205/19/19
f 206/624/617 205/19/19 220/625/618
f 220/625/618 205/19/19 219/21/21
f 220/625/618 219/21/21 226/603/596
f 188/616/609 181/618/611 180/619/612
f 180/619/612 181/618/611 173/5/5
f 188/616/609 180/619/612 187/620/613
f 195/614/607 188/616/609 187/620/613
f 195/614/607 187/620/613 194/621/614
f 146/612/605 195/614/607 194/621/614
f 146/612/605 194/621/614 200/622/615
f 208/610/603 146/612/605 200/622/615
f 208/610/603 200/622/615 209/623/616
f 208/610/603 209/623/616 207/608/601
f 207/608/601 209/623/616 206/624/617
f 207/608/601 206/624/617 221/606/599
f 221/606/599 206/624/617 220/625/618
f 221/606/599 220/625/618 148/604/597
f 148/604/597 220/625/618 226/603/596
f 148/604/597 226/603/596 234/602/595
f 236/25/25 231/27/27 232/599/592
f 232/599/592 231/27/27 245/626/619
f 232/599/592 245/626/619 246/597/590
f 246/597/590 245/626/619 150/595/588
f 245/626/619 231/27/27 244/29/29
f 245/626/619 244/29/29 254/627/620
f 254/627/620 244/29/29 255/31/31
f 254/627/620 255/31/31 252/628/621
f 252/628/621 255/31/31 251/33/33
f 252/628/621 251/33/33 265/629/622
f 265/629/622 251/33/33 264/35/35
f 265/629/622 264/35/35 272/630/623
f 272/630/623 264/35/35 271/37/37
f 272/630/623 271/37/37 279/631/624
f 279/631/624 271/37/37 278/39/39
f 279/631/624 278/39/39 286/632/625
f 286/632/625 278/39/39 285/41/41
f 286/632/625 285/41/41 293/582/575
f 252/628/621 253/593/586 254/627/620
f 254/627/620 253/593/586 150/595/588
f 254/627/620 150/595/588 245/626/619
f 253/593/586 252/628/621 266/591/584
f 266/591/584 252/628/621 265/629/622
f 266/591/584 265/629/622 273/589/582
f 273/589/582 265/629/622 272/630/623
f 273/589/582 272/630/623 280/587/580
f 280/587/580 272/630/623 279/631/624
f 280/587/580 279/631/624 287/585/578
f 287/585/578 279/631/624 286/632/625
f 287/585/578 286/632/625 294/583/576
f 294/583/576 286/632/625 293/582/575
f 294/583/576 293/582/575 301/581/574
f 309/578/571 299/45/45 310/47/47
f 309/578/571 310/47/47 307/633/626
f 307/633/626 310/47/47 306/49/49
f 307/633/626 306/49/49 321/634/627
f 321/634/627 306/49/49 322/51/51
f 321/634/627 322/51/51 319/635/628
f 319/635/628 322/51/51 318/53/53
f 319/635/628 318/53/53 331/636/629
f 331/636/629 318/53/53 330/55/55
f 331/636/629 330/55/55 338/637/630
f 338/637/630 330/55/55 337/57/57
f 338/637/630 337/57/57 345/638/631
f 345/638/631 337/57/57 344/59/59
f 345/638/631 344/59/59 352/639/632
f 352/639/632 344/59/59 351/61/61
f 352/639/632 351/61/61 359/640/633
f 359/640/633 351/61/61 358/63/63
f 359/640/633 358/63/63 366/641/634
f 366/641/634 358/63/63 365/65/65
f 366/641/634 365/65/65 373/642/635
f 373/642/635 365/65/65 372/67/67
f 373/642/635 372/67/67 379/643/636
f 379/643/636 372/67/67 378/69/69
f 379/643/636 378/69/69 388/555/548
f 388/555/548 378/69/69 389/71/71
f 154/574/567 308/576/569 307/633/626
f 307/633/626 308/576/569 309/578/571
f 154/574/567 307/633/626 321/634/627
f 154/574/567 321/634/627 320/572/565
f 320/572/565 321/634/627 319/635/628
f 320/572/565 319/635/628 332/570/563
f 332/570/563 319/635/628 331/636/629
f 332/570/563 331/636/629 339/568/561
f 339/568/561 331/636/629 338/637/630
f 339/568/561 338/637/630 346/566/559
f 346/566/559 338/637/630 345/638/631
f 346/566/559 345/638/631 353/564/557
f 353/564/557 345/638/631 352/639/632
f 353/564/557 352/639/632 360/561/554
f 360/561/554 352/639/632 359/640/633
f 360/561/554 359/640/633 367/559/552
f 367/559/552 359/640/633 366/641/634
f 367/559/552 366/641/634 374/557/550
f 374/557/550 366/641/634 373/642/635
f 374/557/550 373/642/635 156/553/546
f 156/553/546 373/642/635 379/643/636
f 156/553/546 379/643/636 387/554/547
f 387/554/547 379/643/636 388/555/548
f 400/547/540 386/549/542 385/556/549
f 385/556/549 384/73/73 399/644/637
f 399/644/637 384/73/73 398/75/75
f 399/644/637 398/75/75 406/645/638
f 406/645/638 398/75/75 405/77/77
f 406/645/638 405/77/77 413/646/639
f 413/646/639 405/77/77 412/79/79
f 413/646/639 412/79/79 420/540/533
f 407/545/538 400/547/540 399/644/637
f 399/644/637 400/547/540 385/556/549
f 407/545/538 399/644/637 406/645/638
f 414/543/536 407/545/538 406/645/638
f 414/543/536 406/645/638 413/646/639
f 421/541/534 414/543/536 413/646/639
f 421/541/534 413/646/639 420/540/533
f 428/539/532 421/541/534 420/540/533
f 488/512/505 480/99/99 487/101/101
f 488/512/505 487/101/101 495/647/640
f 495/647/640 487/101/101 494/103/103
f 495/647/640 494/103/103 504/648/641
f 504/648/641 494/103/103 505/105/105
f 504/648/641 505/105/105 502/649/642
f 502/649/642 505/105/105 501/107/107
f 502/649/642 501/107/107 514/650/643
f 514/650/643 501/107/107 513/109/109
f 514/650/643 513/109/109 521/651/644
f 521/651/644 513/109/109 520/111/111
f 521/651/644 520/111/111 527/502/495
f 527/502/495 520/111/111 526/113/113
f 160/508/501 496/510/503 495/647/640
f 495/647/640 496/510/503 488/512/505
f 160/508/501 495/647/640 504/648/641
f 160/508/501 504/648/641 503/506/499
f 503/506/499 504/648/641 502/649/642
f 503/506/499 502/649/642 515/504/497
f 515/504/497 502/649/642 514/650/643
f 515/504/497 514/650/643 162/500/493
f 162/500/493 514/650/643 521/651/644
f 162/500/493 521/651/644 528/501/494
f 528/501/494 521/651/644 527/502/495
f 542/494/487 535/496/489 534/503/496
f 534/503/496 533/115/115 541/652/645
f 541/652/645 533/115/115 540/117/117
f 541/652/645 540/117/117 548/653/646
f 548/653/646 540/117/117 547/119/119
f 548/653/646 547/119/119 555/654/647
f 555/654/647 547/119/119 554/121/121
f 555/654/647 554/121/121 564/485/478
f 549/492/485 542/494/487 541/652/645
f 541/652/645 542/494/487 534/503/496
f 549/492/485 541/652/645 548/653/646
f 556/490/483 549/492/485 548/653/646
f 556/490/483 548/653/646 555/654/647
f 163/488/481 556/490/483 555/654/647
f 163/488/481 555/654/647 564/485/478
f 163/488/481 564/485/478 563/484/477
f 602/469/462 594/133/133 601/135/135
f 602/469/462 601/135/135 609/655/648
f 609/655/648 601/135/135 608/137/137
f 609/655/648 608/137/137 617/656/649
f 617/656/649 608/137/137 618/139/139
f 617/656/649 618/139/139 616/462/455
f 605/180/179 604/178/177 621/657/650
f 621/657/650 604/178/177 166/176/175
f 621/657/650 166/176/175 612/658/651
f 612/658/651 166/176/175 611/174/173
f 612/658/651 611/174/173 623/659/652
f 623/659/652 611/174/173 622/172/171
f 623/659/652 622/172/171 630/660/653
f 630/660/653 622/172/171 629/170/169
f 630/660/653 629/170/169 637/661/654
f 637/661/654 629/170/169 636/168/167
f 637/661/654 636/168/167 644/662/655
f 644/662/655 636/168/167 643/166/165
f 644/662/655 643/166/165 651/663/656
f 651/663/656 643/166/165 650/164/163
f 651/663/656 650/164/163 658/159/158
f 658/159/158 650/164/163 657/161/160
f 619/140/140 607/138/138 606/182/181
f 606/182/181 605/180/179 620/664/657
f 620/664/657 605/180/179 621/657/650
f 620/664/657 621/657/650 613/665/658
f 613/665/658 621/657/650 612/658/651
f 613/665/658 612/658/651 624/666/659
f 624/666/659 612/658/651 623/659/652
f 624/666/659 623/659/652 631/667/660
f 631/667/660 623/659/652 630/660/653
f 631/667/660 630/660/653 638/668/661
f 638/668/661 630/660/653 637/661/654
f 638/668/661 637/661/654 645/669/662
f 645/669/662 637/661/654 644/662/655
f 645/669/662 644/662/655 652/670/663
f 652/670/663 644/662/655 651/663/656
f 652/670/663 651/663/656 659/157/156
f 659/157/156 651/663/656 658/159/158
f 165/465/458 610/467/460 609/655/648
f 609/655/648 610/467/460 602/469/462
f 165/465/458 609/655/648 617/656/649
f 613/665/658 614/142/142 620/664/657
f 620/664/657 614/142/142 619/140/140
f 620/664/657 619/140/140 606/182/181
f 614/142/142 613/665/658 625/144/144
f 625/144/144 613/665/658 624/666/659
f 625/144/144 624/666/659 632/146/146
f 632/146/146 624/666/659 631/667/660
f 632/146/146 631/667/660 639/148/148
f 639/148/148 631/667/660 638/668/661
f 639/148/148 638/668/661 646/150/150
f 646/150/150 638/668/661 645/669/662
f 646/150/150 645/669/662 653/152/152
f 653/152/152 645/669/662 652/670/663
f 653/152/152 652/670/663 660/154/154
f 660/154/154 652/670/663 659/157/156
f 165/465/458 617/656/649 167/463/456
f 167/463/456 617/656/649 616/462/455
f 167/463/456 616/462/455 628/461/454
f 655/449/442 647/149/149 654/151/151
f 661/153/153 662/442/437 654/151/151
f 654/151/151 662/442/437 655/449/442
f 662/442/437 663/444/438 655/449/442
f 664/671/664 7/672/375 745/673/665
f 745/673/665 7/672/375 77/674/666
f 745/673/665 77/674/666 744/675/667
f 744/675/667 77/674/666 76/676/668
f 744/675/667 76/676/668 743/677/669
f 743/677/669 76/676/668 75/678/670
f 743/677/669 75/678/670 742/679/671
f 742/679/671 75/678/670 74/680/672
f 742/679/671 74/680/672 741/681/673
f 741/681/673 74/680/672 73/682/674
f 741/681/673 73/682/674 740/683/675
f 740/683/675 73/682/674 72/684/676
f 740/683/675 72/684/676 739/685/677
f 739/685/677 72/684/676 71/686/678
f 739/685/677 71/686/678 738/687/679
f 738/687/679 71/686/678 70/688/680
f 738/687/679 70/688/680 69/689/681
f 738/687/679 69/689/681 737/690/682
f 737/690/682 69/689/681 68/691/683
f 737/690/682 68/691/683 736/692/684
f 736/692/684 68/691/683 67/693/685
f 736/692/684 67/693/685 735/694/686
f 735/694/686 67/693/685 66/695/687
f 735/694/686 66/695/687 734/696/688
f 734/696/688 66/695/687 65/697/689
f 734/696/688 65/697/689 733/698/690
f 733/698/690 65/697/689 64/699/691
f 733/698/690 64/699/691 732/700/692
f 732/700/692 64/699/691 63/701/693
f 732/700/692 63/701/693 731/702/694
f 731/702/694 63/701/693 62/703/695
f 731/702/694 62/703/695 730/704/696
f 730/704/696 62/703/695 61/705/697
f 730/704/696 61/705/697 729/706/698
f 729/706/698 61/705/697 60/707/699
f 729/706/698 60/707/699 728/708/700
f 728/708/700 60/707/699 59/709/701
f 728/708/700 59/709/701 727/710/702
f 727/710/702 59/709/701 58/711/703
f 727/710/702 58/711/703 726/712/704
f 726/712/704 58/711/703 57/713/705
f 726/712/704 57/713/705 725/714/706
f 725/714/706 57/713/705 56/715/707
f 725/714/706 56/715/707 724/716/708
f 724/716/708 56/715/707 55/717/709
f 724/716/708 55/717/709 723/718/710
f 723/718/710 55/717/709 54/719/711
f 723/718/710 54/719/711 722/720/712
f 722/720/712 54/719/711 53/721/713
f 722/720/712 53/721/713 721/722/714
f 721/722/714 53/721/713 52/723/715
f 721/722/714 52/723/715 720/724/716
f 720/724/716 52/723/715 51/725/717
f 720/724/716 51/725/717 719/726/718
f 719/726/718 51/725/717 50/727/719
f 719/726/718 50/727/719 718/728/720
f 718/728/720 50/727/719 49/729/721
f 718/728/720 49/729/721 717/730/722
f 717/730/722 49/729/721 716/731/723
f 716/731/723 49/729/721 48/732/724
f 716/731/723 48/732/724 715/733/725
f 715/733/725 48/732/724 47/734/726
f 715/733/725 47/734/726 714/735/727
f 714/735/727 47/734/726 46/736/728
f 714/735/727 46/736/728 713/737/729
f 713/737/729 46/736/728 45/738/730
f 713/737/729 45/738/730 712/739/731
f 712/739/731 45/738/730 44/740/732
f 712/739/731 44/740/732 711/741/733
f 711/741/733 44/740/732 43/742/734
f 711/741/733 43/742/734 710/743/735
f 710/743/735 43/742/734 709/744/736
f 709/744/736 43/742/734 42/745/737
f 709/744/736 42/745/737 708/746/738
f 708/746/738 42/745/737 41/747/739
f 708/746/738 41/747/739 707/748/740
f 707/748/740 41/747/739 40/749/741
f 707/748/740 40/749/741 706/750/742
f 706/750/742 40/749/741 39/751/743
f 706/750/742 39/751/743 705/752/744
f 705/752/744 39/751/743 38/753/745
f 705/752/744 38/753/745 704/754/746
f 704/754/746 38/753/745 37/755/747
f 704/754/746 37/755/747 703/756/748
f 703/756/748 37/755/747 36/757/749
f 703/756/748 36/757/749 702/758/750
f 702/758/750 36/757/749 35/759/751
f 702/758/750 35/759/751 701/760/752
f 701/760/752 35/759/751 34/761/753
f 701/760/752 34/761/753 700/762/754
f 700/762/754 34/761/753 33/763/755
f 700/762/754 33/763/755 699/764/756
f 699/764/756 33/763/755 32/765/757
f 699/764/756 32/765/757 698/766/758
f 698/766/758 32/765/757 31/767/759
f 698/766/758 31/767/759 697/768/760
f 697/768/760 31/767/759 30/769/761
f 697/768/760 30/769/761 696/770/762
f 696/770/762 30/769/761 695/771/763
f 695/771/763 30/769/761 29/772/764
f 695/771/763 29/772/764 694/773/765
f 694/773/765 29/772/764 28/774/766
f 694/773/765 28/774/766 693/775/767
f 693/775/767 28/774/766 27/776/768
f 693/775/767 27/776/768 692/777/769
f 692/777/769 27/776/768 26/778/770
f 692/777/769 26/778/770 691/779/771
f 691/779/771 26/778/770 690/780/772
f 690/780/772 26/778/770 25/781/773
f 690/780/772 25/781/773 689/782/774
f 689/782/774 25/781/773 24/783/775
f 689/782/774 24/783/775 688/784/776
f 688/784/776 24/783/775 687/785/777
f 687/785/777 24/783/775 23/786/778
f 687/785/777 23/786/778 686/787/779
f 686/787/779 23/786/778 22/788/780
f 686/787/779 22/788/780 685/789/781
f 685/789/781 22/788/780 21/790/782
f 685/789/781 21/790/782 684/791/783
f 684/791/783 21/790/782 20/792/784
f 684/791/783 20/792/784 683/793/785
f 683/793/785 20/792/784 19/794/786
f 683/793/785 19/794/786 682/795/787
f 682/795/787 19/794/786 681/796/788
f 681/796/788 19/794/786 18/797/789
f 681/796/788 18/797/789 680/798/790
f 680/798/790 18/797/789 679/799/791
f 679/799/791 18/797/789 17/800/792
f 679/799/791 17/800/792 678/801/793
f 678/801/793 17/800/792 677/802/794
f 677/802/794 17/800/792 16/803/795
f 677/802/794 16/803/795 676/804/796
f 676/804/796 16/803/795 675/805/797
f 675/805/797 16/803/795 15/806/798
f 675/805/797 15/806/798 674/807/799
f 674/807/799 15/806/798 14/808/800
f 674/807/799 14/808/800 673/809/801
f 673/809/801 14/808/800 13/810/802
f 673/809/801 13/810/802 672/811/803
f 672/811/803 13/810/802 12/812/804
f 672/811/803 12/812/804 671/813/805
f 671/813/805 12/812/804 670/814/806
f 670/814/806 12/812/804 11/815/807
f 670/814/806 11/815/807 669/816/808
f 669/816/808 11/815/807 10/817/809
f 669/816/808 10/817/809 668/818/810
f 668/818/810 10/817/809 9/819/811
f 668/818/810 9/819/811 667/820/812
f 667/820/812 9/819/811 666/821/813
f 666/821/813 9/819/811 8/822/814
f 666/821/813 8/822/814 665/823/815
f 665/823/815 8/822/814 7/824/375
f 665/823/815 7/824/375 664/825/664
f 145/826/816 141/827/817 1/828/2
f 1/828/2 141/827/817 140/829/818
f 1/828/2 140/829/818 78/830/819
f 78/830/819 140/829/818 139/831/820
f 78/830/819 139/831/820 105/832/821
f 105/832/821 139/831/820 138/833/822
f 105/832/821 138/833/822 137/834/823
f 141/827/817 145/826/816 142/835/606
f 142/835/606 145/826/816 144/836/824
f 142/835/606 144/836/824 143/837/825
f 105/832/821 137/834/823 106/838/826
f 106/838/826 137/834/823 136/839/827
f 106/838/826 136/839/827 107/840/828
f 107/840/828 136/839/827 135/841/829
f 107/840/828 135/841/829 108/842/830
f 108/842/830 135/841/829 123/843/831
f 108/842/830 123/843/831 122/844/832
f 123/843/831 135/841/829 124/845/833
f 124/845/833 135/841/829 134/846/834
f 124/845/833 134/846/834 125/847/835
f 125/847/835 134/846/834 133/848/836
f 125/847/835 133/848/836 132/849/837
f 125/847/835 132/849/837 126/850/838
f 126/850/838 132/849/837 131/851/579
f 126/850/838 131/851/579 130/852/839
f 129/853/840 128/854/841 130/852/839
f 130/852/839 128/854/841 127/855/842
f 130/852/839 127/855/842 126/850/838
f 122/844/832 121/856/843 108/842/830
f 108/842/830 121/856/843 120/857/844
f 108/842/830 120/857/844 109/858/845
f 109/858/845 120/857/844 119/859/846
f 109/858/845 119/859/846 118/860/847
f 109/858/845 118/860/847 110/861/848
f 110/861/848 118/860/847 117/862/849
f 110/861/848 117/862/849 116/863/850
f 116/863/850 115/864/851 110/861/848
f 110/861/848 115/864/851 111/865/852
f 111/865/852 115/864/851 114/866/853
f 111/865/852 114/866/853 112/867/854
f 112/867/854 114/866/853 113/868/855
f 78/830/819 105/832/821 79/869/856
f 79/869/856 105/832/821 104/870/857
f 79/869/856 104/870/857 80/871/858
f 80/871/858 104/870/857 81/872/859
f 81/872/859 104/870/857 82/873/860
f 82/873/860 104/870/857 103/874/861
f 82/873/860 103/874/861 83/875/862
f 83/875/862 103/874/861 84/876/863
f 84/876/863 103/874/861 102/877/864
f 84/876/863 102/877/864 85/878/865
f 85/878/865 102/877/864 86/879/866
f 86/879/866 102/877/864 101/880/867
f 86/879/866 101/880/867 87/881/868
f 87/881/868 101/880/867 88/882/869
f 88/882/869 101/880/867 100/883/870
f 88/882/869 100/883/870 89/884/871
f 89/884/871 100/883/870 99/885/872
f 89/884/871 99/885/872 90/886/873
f 90/886/873 99/885/872 91/887/874
f 91/887/874 99/885/872 98/888/875
f 91/887/874 98/888/875 92/889/876
f 92/889/876 98/888/875 97/890/877
f 92/889/876 97/890/877 96/891/878
f 96/891/878 95/892/879 92/889/876
f 92/889/876 95/892/879 94/893/484
f 92/889/876 94/893/484 93/894/880
f 745/895/881 673/896/882 664/897/883
f 664/897/883 673/896/882 672/898/884
f 664/897/883 672/898/884 665/899/885
f 665/899/885 672/898/884 671/900/886
f 665/899/885 671/900/886 666/901/887
f 666/901/887 671/900/886 670/902/888
f 666/901/887 670/902/888 667/903/889
f 667/903/889 670/902/888 669/904/890
f 667/903/889 669/904/890 668/905/891
f 673/896/882 745/895/881 716/906/892
f 716/906/892 745/895/881 744/907/893
f 716/906/892 744/907/893 743/908/894
f 716/906/892 743/908/894 717/909/895
f 717/909/895 743/908/894 742/910/896
f 717/909/895 742/910/896 741/911/897
f 717/909/895 741/911/897 718/912/898
f 718/912/898 741/911/897 740/913/899
f 718/912/898 740/913/899 739/914/900
f 718/912/898 739/914/900 719/915/901
f 719/915/901 739/914/900 738/916/902
f 719/915/901 738/916/902 737/917/903
f 719/915/901 737/917/903 720/918/904
f 720/918/904 737/917/903 736/919/905
f 720/918/904 736/919/905 721/920/906
f 721/920/906 736/919/905 735/921/907
f 721/920/906 735/921/907 722/922/908
f 722/922/908 735/921/907 734/923/909
f 722/922/908 734/923/909 723/924/910
f 723/924/910 734/923/909 733/925/911
f 723/924/910 733/925/911 724/926/912
f 724/926/912 733/925/911 732/927/913
f 724/926/912 732/927/913 725/928/914
f 725/928/914 732/927/913 731/929/915
f 725/928/914 731/929/915 726/930/916
f 726/930/916 731/929/915 730/931/917
f 726/930/916 730/931/917 727/932/918
f 727/932/918 730/931/917 729/933/919
f 727/932/918 729/933/919 728/934/920
f 673/896/882 716/906/892 674/935/921
f 674/935/921 716/906/892 715/936/922
f 674/935/921 715/936/922 675/937/923
f 675/937/923 715/936/922 676/938/924
f 676/938/924 715/936/922 714/939/925
f 676/938/924 714/939/925 677/940/926
f 677/940/926 714/939/925 679/941/927
f 677/940/926 679/941/927 678/942/928
f 713/943/929 701/944/930 714/939/925
f 714/939/925 701/944/930 700/945/931
f 714/939/925 700/945/931 699/946/932
f 701/944/930 713/943/929 702/947/933
f 702/947/933 713/943/929 712/948/934
f 702/947/933 712/948/934 711/949/935
f 711/949/935 710/950/936 702/947/933
f 702/947/933 710/950/936 703/951/937
f 703/951/937 710/950/936 704/952/938
f 704/952/938 710/950/936 705/953/939
f 705/953/939 710/950/936 709/954/940
f 705/953/939 709/954/940 708/955/941
f 708/955/941 707/956/942 705/953/939
f 705/953/939 707/956/942 706/957/943
f 699/946/932 698/958/944 714/939/925
f 714/939/925 698/958/944 697/959/945
f 714/939/925 697/959/945 696/960/946
f 714/939/925 696/960/946 680/961/947
f 680/961/947 696/960/946 695/962/948
f 680/961/947 695/962/948 681/963/949
f 681/963/949 695/962/948 694/964/950
f 681/963/949 694/964/950 682/965/951
f 682/965/951 694/964/950 693/966/952
f 682/965/951 693/966/952 692/967/953
f 692/967/953 691/968/954 682/965/951
f 682/965/951 691/968/954 690/969/955
f 682/965/951 690/969/955 689/970/956
f 689/970/956 688/971/957 682/965/951
f 682/965/951 688/971/957 687/972/958
f 682/965/951 687/972/958 686/973/959
f 686/973/959 685/974/960 682/965/951
f 682/965/951 685/974/960 683/975/961
f 683/975/961 685/974/960 684/976/962
f 680/961/947 679/941/927 714/939/925
g Body1:1

v 8.000000 0.750000 1.303283
v 8.000000 0.699708 1.297724
v 8.000000 0.651774 1.282569
v 8.000000 0.607686 1.257117
v 8.000000 0.569896 1.224254
v 8.000000 0.539200 1.183445
v 8.000000 0.516962 1.138604
v 8.000000 0.503870 1.089266
v 8.000000 0.499625 1.039192
v 8.000000 0.505120 0.988685
v 8.000000 0.518938 0.939943
v 8.000000 0.541570 0.894911
v 8.000000 0.571841 0.853879
v 8.000000 0.608920 0.820177
v 8.000000 0.652355 0.793472
v 8.000000 0.699795 0.777244
v 8.000000 0.750000 0.771201
v 8.000000 0.800205 0.777244
v 8.000000 0.847645 0.793472
v 8.000000 0.891080 0.820177
v 8.000000 0.928159 0.853879
v 8.000000 0.958430 0.894911
v 8.000000 0.981062 0.939943
v 8.000000 0.994880 0.988685
v 8.000000 1.000375 1.039192
v 8.000000 0.996130 1.089266
v 8.000000 0.983038 1.138604
v 8.000000 0.960800 1.183445
v 8.000000 0.930104 1.224254
v 8.000000 0.892314 1.257117
v 8.000000 0.848226 1.282569
v 8.000000 0.800292 1.297724
v 6.722853 0.750000 0.000000
v 6.728501 0.800577 0.000000
v 6.743887 0.848689 0.000000
v 6.769730 0.892948 0.000000
v 6.802977 0.930685 0.000000
v 6.844280 0.961331 0.000000
v 6.889453 0.983356 0.000000
v 6.939213 0.996283 0.000000
v 6.989528 1.000364 0.000000
v 7.040364 0.994784 0.000000
v 7.089418 0.980978 0.000000
v 7.134804 0.958463 0.000000
v 7.176363 0.928312 0.000000
v 7.210599 0.891430 0.000000
v 7.237945 0.847977 0.000000
v 7.254643 0.800468 0.000000
v 7.260884 0.750000 0.000000
v 7.254643 0.699532 0.000000
v 7.237945 0.652023 0.000000
v 7.210599 0.608570 0.000000
v 7.176363 0.571688 0.000000
v 7.134804 0.541537 0.000000
v 7.089418 0.519022 0.000000
v 7.040364 0.505216 0.000000
v 6.989528 0.499636 0.000000
v 6.939213 0.503717 0.000000
v 6.889453 0.516644 0.000000
v 6.844280 0.538669 0.000000
v 6.802977 0.569315 0.000000
v 6.769730 0.607052 0.000000
v 6.743887 0.651311 0.000000
v 6.728501 0.699423 0.000000
v 7.865921 0.750000 0.820456
v 7.723719 0.750000 0.833943
v 7.582771 0.750000 0.810774
v 7.452369 0.750000 0.752476
v 7.341112 0.750000 0.662893
v 7.256335 0.750000 0.547932
v 7.203628 0.750000 0.415172
v 7.186465 0.750000 0.273367
v 7.205980 0.750000 0.131866
v 7.867810 0.685192 0.828776
v 7.873350 0.624800 0.853170
v 7.882163 0.572940 0.891975
v 7.893647 0.533147 0.942547
v 7.907021 0.508132 1.001439
v 7.921374 0.499600 1.064638
v 7.935726 0.508132 1.127837
v 7.949100 0.533147 1.186730
v 7.960585 0.572940 1.237301
v 7.969397 0.624800 1.276107
v 7.974937 0.685192 1.300501
v 7.976826 0.750000 1.308821
v 7.974937 0.814808 1.300501
v 7.969397 0.875200 1.276107
v 7.960585 0.927060 1.237301
v 7.949100 0.966853 1.186730
v 7.935726 0.991868 1.127837
v 7.921374 1.000400 1.064638
v 7.907021 0.991868 1.001439
v 7.893647 0.966853 0.942547
v 7.882163 0.927060 0.891975
v 7.873350 0.875200 0.853170
v 7.867810 0.814808 0.828776
v 7.177934 0.814808 0.273296
v 7.152919 0.875200 0.273089
v 7.113128 0.927060 0.272758
v 7.061270 0.966853 0.272328
v 7.000880 0.991868 0.271826
v 6.936074 1.000400 0.271288
v 6.871268 0.991868 0.270750
v 6.810878 0.966853 0.270249
v 6.759021 0.927060 0.269818
v 6.719229 0.875200 0.269488
v 6.694215 0.814808 0.269280
v 6.685683 0.750000 0.269209
v 6.694215 0.685192 0.269280
v 6.719229 0.624800 0.269488
v 6.759021 0.572940 0.269818
v 6.810878 0.533147 0.270249
v 6.871268 0.508132 0.270750
v 6.936074 0.499600 0.271288
v 7.000880 0.508132 0.271826
v 7.061270 0.533147 0.272328
v 7.113128 0.572940 0.272758
v 7.152919 0.624800 0.273089
v 7.177934 0.685192 0.273296
v 7.197770 0.685192 0.129541
v 7.173658 0.624800 0.122879
v 7.135291 0.572940 0.112322
v 7.085287 0.533147 0.098575
v 7.027055 0.508132 0.082566
v 6.964569 0.499600 0.065375
v 6.902087 0.508132 0.048165
v 6.843871 0.533147 0.032100
v 6.793889 0.572940 0.018271
v 6.755549 0.624800 0.007613
v 6.731465 0.685192 0.000850
v 6.731465 0.814808 0.000850
v 6.755549 0.875200 0.007613
v 6.793889 0.927060 0.018271
v 6.843871 0.966853 0.032100
v 6.902087 0.991868 0.048165
v 6.964569 1.000400 0.065375
v 7.027055 0.991868 0.082566
v 7.085287 0.966853 0.098575
v 7.135291 0.927060 0.112322
v 7.173658 0.875200 0.122879
v 7.197770 0.814808 0.129541
v 7.723428 0.685192 0.842470
v 7.722573 0.624800 0.867471
v 7.721213 0.572940 0.907241
v 7.719441 0.533147 0.959070
v 7.717377 0.508132 1.019426
v 7.715162 0.499600 1.084197
v 7.712948 0.508132 1.148967
v 7.710884 0.533147 1.209324
v 7.709112 0.572940 1.261153
v 7.707752 0.624800 1.300923
v 7.706897 0.685192 1.325923
v 7.706606 0.750000 1.334451
v 7.706897 0.814808 1.325923
v 7.707752 0.875200 1.300923
v 7.709112 0.927060 1.261153
v 7.710884 0.966853 1.209324
v 7.712948 0.991868 1.148967
v 7.715162 1.000400 1.084197
v 7.717377 0.991868 1.019426
v 7.719441 0.966853 0.959070
v 7.721213 0.927060 0.907241
v 7.722573 0.875200 0.867471
v 7.723428 0.814808 0.842470
v 7.580317 0.685192 0.818946
v 7.573124 0.624800 0.842905
v 7.561682 0.572940 0.881017
v 7.546770 0.533147 0.930686
v 7.529404 0.508132 0.988528
v 7.510769 0.499600 1.050599
v 7.492133 0.508132 1.112670
v 7.474768 0.533147 1.170511
v 7.459856 0.572940 1.220180
v 7.448413 0.624800 1.258293
v 7.441220 0.685192 1.282252
v 7.438767 0.750000 1.290423
v 7.441220 0.814808 1.282252
v 7.448413 0.875200 1.258293
v 7.459856 0.927060 1.220180
v 7.474768 0.966853 1.170511
v 7.492133 0.991868 1.112670
v 7.510769 1.000400 1.050599
v 7.529404 0.991868 0.988528
v 7.546770 0.966853 0.930686
v 7.561682 0.927060 0.881017
v 7.573124 0.875200 0.842905
v 7.580317 0.814808 0.818946
v 7.447915 0.685192 0.759754
v 7.434859 0.624800 0.781091
v 7.414088 0.572940 0.815033
v 7.387019 0.533147 0.859268
v 7.355497 0.508132 0.910780
v 7.321669 0.499600 0.966059
v 7.287841 0.508132 1.021339
v 7.256319 0.533147 1.072851
v 7.229250 0.572940 1.117085
v 7.208480 0.624800 1.151028
v 7.195423 0.685192 1.172365
v 7.190969 0.750000 1.179642
v 7.195423 0.814808 1.172365
v 7.208480 0.875200 1.151028
v 7.229250 0.927060 1.117085
v 7.256319 0.966853 1.072851
v 7.287841 0.991868 1.021339
v 7.321669 1.000400 0.966059
v 7.355497 0.991868 0.910780
v 7.387019 0.966853 0.859268
v 7.414088 0.927060 0.815033
v 7.434859 0.875200 0.781091
v 7.447915 0.814808 0.759754
v 7.334952 0.685192 0.668797
v 7.316892 0.624800 0.686106
v 7.288162 0.572940 0.713640
v 7.250722 0.533147 0.749523
v 7.207121 0.508132 0.791310
v 7.160332 0.499600 0.836152
v 7.113542 0.508132 0.880995
v 7.069941 0.533147 0.922782
v 7.032501 0.572940 0.958665
v 7.003771 0.624800 0.986199
v 6.985711 0.685192 1.003508
v 6.979551 0.750000 1.009411
v 6.985711 0.814808 1.003508
v 7.003771 0.875200 0.986199
v 7.032501 0.927060 0.958665
v 7.069941 0.966853 0.922782
v 7.113542 0.991868 0.880995
v 7.160332 1.000400 0.836152
v 7.207121 0.991868 0.791310
v 7.250722 0.966853 0.749523
v 7.288162 0.927060 0.713640
v 7.316892 0.875200 0.686106
v 7.334952 0.814808 0.668797
v 7.248875 0.685192 0.552073
v 7.227002 0.624800 0.564212
v 7.192208 0.572940 0.583522
v 7.146864 0.533147 0.608688
v 7.094060 0.508132 0.637994
v 7.037394 0.499600 0.669443
v 6.980728 0.508132 0.700893
v 6.927923 0.533147 0.730199
v 6.882579 0.572940 0.755365
v 6.847785 0.624800 0.774675
v 6.825913 0.685192 0.786814
v 6.818453 0.750000 0.790955
v 6.825913 0.814808 0.786814
v 6.847785 0.875200 0.774675
v 6.882579 0.927060 0.755365
v 6.927923 0.966853 0.730199
v 6.980728 0.991868 0.700893
v 7.037394 1.000400 0.669443
v 7.094060 0.991868 0.637994
v 7.146864 0.966853 0.608688
v 7.192208 0.927060 0.583522
v 7.227002 0.875200 0.564212
v 7.248875 0.814808 0.552073
v 7.195359 0.685192 0.417276
v 7.171116 0.624800 0.423445
v 7.132552 0.572940 0.433259
v 7.082295 0.533147 0.446048
v 7.023768 0.508132 0.460942
v 6.960961 0.499600 0.476924
v 6.898155 0.508132 0.492907
v 6.839628 0.533147 0.507800
v 6.789371 0.572940 0.520589
v 6.750806 0.624800 0.530403
v 6.726564 0.685192 0.536572
v 6.718295 0.750000 0.538676
v 6.726564 0.814808 0.536572
v 6.750806 0.875200 0.530403
v 6.789371 0.927060 0.520589
v 6.839628 0.966853 0.507800
v 6.898155 0.991868 0.492907
v 6.960961 1.000400 0.476924
v 7.023768 0.991868 0.460942
v 7.082295 0.966853 0.446048
v 7.132552 0.927060 0.433259
v 7.171116 0.875200 0.423445
v 7.195359 0.814808 0.417276
v 7.700000 1.500000 0.300000
v 7.777646 1.489778 0.300000
v 7.850000 1.459808 0.300000
v 7.912132 1.412132 0.300000
v 7.959808 1.350000 0.300000
v 7.989778 1.277646 0.300000
v 8.000000 1.200000 0.300000
v 7.989778 1.200000 0.222354
v 7.959808 1.200000 0.150000
v 7.912132 1.200000 0.087868
v 7.850000 1.200000 0.040192
v 7.777646 1.200000 0.010222
v 7.700000 1.200000 0.000000
v 7.700000 1.277646 0.010222
v 7.700000 1.350000 0.040192
v 7.700000 1.412132 0.087868
v 7.700000 1.459808 0.150000
v 7.700000 1.489778 0.222354
v 7.755723 1.491141 0.253826
v 7.725359 1.475251 0.183407
v 7.819561 1.467095 0.233930
v 7.793122 1.449727 0.162287
v 7.760336 1.415340 0.100030
v 7.723439 1.366278 0.051400
v 7.878481 1.428727 0.223654
v 7.855664 1.408999 0.151380
v 7.822239 1.375029 0.089234
v 7.780484 1.329131 0.041451
v 7.733244 1.274432 0.011288
v 7.928727 1.378481 0.223654
v 7.908999 1.355664 0.151380
v 7.875029 1.322239 0.089234
v 7.829131 1.280484 0.041451
v 7.774432 1.233244 0.011288
v 7.967095 1.319561 0.233930
v 7.949727 1.293122 0.162287
v 7.915340 1.260336 0.100030
v 7.866278 1.223439 0.051400
v 7.991141 1.255723 0.253826
v 7.975251 1.225359 0.183407
v 7.700000 1.500000 6.700000
v 7.700000 1.489778 6.777646
v 7.700000 1.459808 6.850000
v 7.700000 1.412132 6.912132
v 7.700000 1.350000 6.959808
v 7.700000 1.277646 6.989778
v 7.700000 1.200000 7.000000
v 7.777646 1.200000 6.989778
v 7.850000 1.200000 6.959808
v 7.912132 1.200000 6.912132
v 7.959808 1.200000 6.850000
v 7.989778 1.200000 6.777646
v 8.000000 1.200000 6.700000
v 7.989778 1.277646 6.700000
v 7.959808 1.350000 6.700000
v 7.912132 1.412132 6.700000
v 7.850000 1.459808 6.700000
v 7.777646 1.489778 6.700000
v 7.755723 1.246174 6.991141
v 7.928727 1.276346 6.878481
v 7.908999 1.348620 6.855664
v 7.875029 1.410766 6.822239
v 7.829131 1.458549 6.780484
v 7.774432 1.488712 6.733244
v 7.733244 1.488712 6.774432
v 7.780484 1.458549 6.829131
v 7.822239 1.410766 6.875029
v 7.855664 1.348620 6.908999
v 7.878481 1.276346 6.928727
v 7.723439 1.448600 6.866278
v 7.760336 1.399970 6.915340
v 7.793122 1.337713 6.949727
v 7.819561 1.266070 6.967095
v 7.725359 1.316593 6.975251
v 7.967095 1.266070 6.819561
v 7.949727 1.337713 6.793122
v 7.915340 1.399970 6.760336
v 7.866278 1.448600 6.723439
v 7.991141 1.246174 6.755723
v 7.975251 1.316593 6.725359
v 7.700000 0.300000 0.000000
v 7.777646 0.300000 0.010222
v 7.850000 0.300000 0.040192
v 7.912132 0.300000 0.087868
v 7.959808 0.300000 0.150000
v 7.989778 0.300000 0.222354
v 8.000000 0.300000 0.300000
v 7.989778 0.222354 0.300000
v 7.959808 0.150000 0.300000
v 7.912132 0.087868 0.300000
v 7.850000 0.040192 0.300000
v 7.777646 0.010222 0.300000
v 7.700000 0.000000 0.300000
v 7.700000 0.010222 0.222354
v 7.700000 0.040192 0.150000
v 7.700000 0.087868 0.087868
v 7.700000 0.150000 0.040192
v 7.700000 0.222354 0.010222
v 7.746174 0.008859 0.244277
v 7.816593 0.274641 0.024749
v 7.746174 0.244277 0.008859
v 7.948600 0.276561 0.133722
v 7.899970 0.239664 0.084660
v 7.837713 0.206878 0.050273
v 7.766070 0.180439 0.032905
v 7.988712 0.266756 0.225568
v 7.958549 0.219516 0.170869
v 7.910766 0.177761 0.124971
v 7.848620 0.144336 0.091001
v 7.776346 0.121519 0.071273
v 7.988712 0.225568 0.266756
v 7.958549 0.170869 0.219516
v 7.910766 0.124971 0.177761
v 7.848620 0.091001 0.144336
v 7.776346 0.071273 0.121519
v 7.948600 0.133722 0.276561
v 7.899970 0.084660 0.239664
v 7.837713 0.050273 0.206878
v 7.766070 0.032905 0.180439
v 7.816593 0.024749 0.274641
v 0.300000 1.500000 0.300000
v 0.300000 1.489778 0.222354
v 0.300000 1.459808 0.150000
v 0.300000 1.412132 0.087868
v 0.300000 1.350000 0.040192
v 0.300000 1.277646 0.010222
v 0.300000 1.200000 0.000000
v 0.222354 1.200000 0.010222
v 0.150000 1.200000 0.040192
v 0.087868 1.200000 0.087868
v 0.040192 1.200000 0.150000
v 0.010222 1.200000 0.222354
v 0.000000 1.200000 0.300000
v 0.010222 1.277646 0.300000
v 0.040192 1.350000 0.300000
v 0.087868 1.412132 0.300000
v 0.150000 1.459808 0.300000
v 0.222354 1.489778 0.300000
v 0.244277 1.246174 0.008859
v 0.071273 1.276346 0.121519
v 0.091001 1.348620 0.144336
v 0.124971 1.410766 0.177761
v 0.170869 1.458549 0.219516
v 0.225568 1.488712 0.266756
v 0.266756 1.488712 0.225568
v 0.219516 1.458549 0.170869
v 0.177761 1.410766 0.124971
v 0.144336 1.348620 0.091001
v 0.121519 1.276346 0.071273
v 0.276561 1.448600 0.133722
v 0.239664 1.399970 0.084660
v 0.206878 1.337713 0.050273
v 0.180439 1.266070 0.032905
v 0.274641 1.316593 0.024749
v 0.032905 1.266070 0.180439
v 0.050273 1.337713 0.206878
v 0.084660 1.399970 0.239664
v 0.133722 1.448600 0.276561
v 0.008859 1.246174 0.244277
v 0.024749 1.316593 0.274641
v 8.000000 0.300000 6.700000
v 7.989778 0.300000 6.777646
v 7.959808 0.300000 6.850000
v 7.912132 0.300000 6.912132
v 7.850000 0.300000 6.959808
v 7.777646 0.300000 6.989778
v 7.700000 0.300000 7.000000
v 7.700000 0.222354 6.989778
v 7.700000 0.150000 6.959808
v 7.700000 0.087868 6.912132
v 7.700000 0.040192 6.850000
v 7.700000 0.010222 6.777646
v 7.700000 0.000000 6.700000
v 7.777646 0.010222 6.700000
v 7.850000 0.040192 6.700000
v 7.912132 0.087868 6.700000
v 7.959808 0.150000 6.700000
v 7.989778 0.222354 6.700000
v 7.746174 0.244277 6.991141
v 7.776346 0.071273 6.878481
v 7.848620 0.091001 6.855664
v 7.910766 0.124971 6.822239
v 7.958549 0.170869 6.780484
v 7.988712 0.225568 6.733244
v 7.988712 0.266756 6.774432
v 7.958549 0.219516 6.829131
v 7.910766 0.177761 6.875029
v 7.848620 0.144336 6.908999
v 7.776346 0.121519 6.928727
v 7.948600 0.276561 6.866278
v 7.899970 0.239664 6.915340
v 7.837713 0.206878 6.949727
v 7.766070 0.180439 6.967095
v 7.816593 0.274641 6.975251
v 7.766070 0.032905 6.819561
v 7.837713 0.050273 6.793122
v 7.899970 0.084660 6.760336
v 7.948600 0.133722 6.723439
v 7.746174 0.008859 6.755723
v 7.816593 0.024749 6.725359
v 0.300000 1.500000 6.700000
v 0.222354 1.489778 6.700000
v 0.150000 1.459808 6.700000
v 0.087868 1.412132 6.700000
v 0.040192 1.350000 6.700000
v 0.010222 1.277646 6.700000
v 0.000000 1.200000 6.700000
v 0.010222 1.200000 6.777646
v 0.040192 1.200000 6.850000
v 0.087868 1.200000 6.912132
v 0.150000 1.200000 6.959808
v 0.222354 1.200000 6.989778
v 0.300000 1.200000 7.000000
v 0.300000 1.277646 6.989778
v 0.300000 1.350000 6.959808
v 0.300000 1.412132 6.912132
v 0.300000 1.459808 6.850000
v 0.300000 1.489778 6.777646
v 0.183407 1.475251 6.725359
v 0.253826 1.491141 6.755723
v 0.051400 1.366278 6.723439
v 0.100030 1.415340 6.760336
v 0.162287 1.449727 6.793122
v 0.233930 1.467095 6.819561
v 0.011288 1.274432 6.733244
v 0.041451 1.329131 6.780484
v 0.089234 1.375029 6.822239
v 0.151380 1.408999 6.855664
v 0.223654 1.428727 6.878481
v 0.011288 1.233244 6.774432
v 0.041451 1.280484 6.829131
v 0.089234 1.322239 6.875029
v 0.151380 1.355664 6.908999
v 0.223654 1.378481 6.928727
v 0.051400 1.223439 6.866278
v 0.100030 1.260336 6.915340
v 0.162287 1.293122 6.949727
v 0.233930 1.319561 6.967095
v 0.183407 1.225359 6.975251
v 0.253826 1.255723 6.991141
v 0.000000 0.300000 0.300000
v 0.010222 0.300000 0.222354
v 0.040192 0.300000 0.150000
v 0.087868 0.300000 0.087868
v 0.150000 0.300000 0.040192
v 0.222354 0.300000 0.010222
v 0.300000 0.300000 0.000000
v 0.300000 0.222354 0.010222
v 0.300000 0.150000 0.040192
v 0.300000 0.087868 0.087868
v 0.300000 0.040192 0.150000
v 0.300000 0.010222 0.222354
v 0.300000 0.000000 0.300000
v 0.222354 0.010222 0.300000
v 0.150000 0.040192 0.300000
v 0.087868 0.087868 0.300000
v 0.040192 0.150000 0.300000
v 0.010222 0.222354 0.300000
v 0.008859 0.253826 0.244277
v 0.024749 0.183407 0.274641
v 0.032905 0.233930 0.180439
v 0.050273 0.162287 0.206878
v 0.084660 0.100030 0.239664
v 0.133722 0.051400 0.276561
v 0.071273 0.223654 0.121519
v 0.091001 0.151380 0.144336
v 0.124971 0.089234 0.177761
v 0.170869 0.041451 0.219516
v 0.225568 0.011288 0.266756
v 0.121519 0.223654 0.071273
v 0.144336 0.151380 0.091001
v 0.177761 0.089234 0.124971
v 0.219516 0.041451 0.170869
v 0.266756 0.011288 0.225568
v 0.180439 0.233930 0.032905
v 0.206878 0.162287 0.050273
v 0.239664 0.100030 0.084660
v 0.276561 0.051400 0.133722
v 0.244277 0.253826 0.008859
v 0.274641 0.183407 0.024749
v 6.220000 0.222354 0.010222
v 4.740000 0.222354 0.010222
v 3.260000 0.222354 0.010222
v 1.780000 0.222354 0.010222
v 6.220000 0.150000 0.040192
v 4.740000 0.150000 0.040192
v 3.260000 0.150000 0.040192
v 1.780000 0.150000 0.040192
v 6.220000 0.087868 0.087868
v 4.740000 0.087868 0.087868
v 3.260000 0.087868 0.087868
v 1.780000 0.087868 0.087868
v 6.220000 0.040192 0.150000
v 4.740000 0.040192 0.150000
v 3.260000 0.040192 0.150000
v 1.780000 0.040192 0.150000
v 6.220000 0.010222 0.222354
v 4.740000 0.010222 0.222354
v 3.260000 0.010222 0.222354
v 1.780000 0.010222 0.222354
v 0.000000 0.300000 6.700000
v 0.010222 0.222354 6.700000
v 0.040192 0.150000 6.700000
v 0.087868 0.087868 6.700000
v 0.150000 0.040192 6.700000
v 0.222354 0.010222 6.700000
v 0.300000 0.000000 6.700000
v 0.300000 0.010222 6.777646
v 0.300000 0.040192 6.850000
v 0.300000 0.087868 6.912132
v 0.300000 0.150000 6.959808
v 0.300000 0.222354 6.989778
v 0.300000 0.300000 7.000000
v 0.222354 0.300000 6.989778
v 0.150000 0.300000 6.959808
v 0.087868 0.300000 6.912132
v 0.040192 0.300000 6.850000
v 0.010222 0.300000 6.777646
v 0.223654 0.121519 6.928727
v 0.151380 0.144336 6.908999
v 0.089234 0.177761 6.875029
v 0.041451 0.219516 6.829131
v 0.011288 0.266756 6.774432
v 0.011288 0.225568 6.733244
v 0.041451 0.170869 6.780484
v 0.089234 0.124971 6.822239
v 0.151380 0.091001 6.855664
v 0.223654 0.071273 6.878481
v 0.051400 0.133722 6.723439
v 0.100030 0.084660 6.760336
v 0.162287 0.050273 6.793122
v 0.233930 0.032905 6.819561
v 0.183407 0.024749 6.725359
v 0.253826 0.008859 6.755723
v 0.233930 0.180439 6.967095
v 0.162287 0.206878 6.949727
v 0.100030 0.239664 6.915340
v 0.051400 0.276561 6.866278
v 0.253826 0.244277 6.991141
v 0.183407 0.274641 6.975251
v 1.780000 0.222354 6.989778
v 3.260000 0.222354 6.989778
v 4.740000 0.222354 6.989778
v 6.220000 0.222354 6.989778
v 1.780000 0.150000 6.959808
v 3.260000 0.150000 6.959808
v 4.740000 0.150000 6.959808
v 6.220000 0.150000 6.959808
v 1.780000 0.087868 6.912132
v 3.260000 0.087868 6.912132
v 4.740000 0.087868 6.912132
v 6.220000 0.087868 6.912132
v 1.780000 0.040192 6.850000
v 3.260000 0.040192 6.850000
v 4.740000 0.040192 6.850000
v 6.220000 0.040192 6.850000
v 1.780000 0.010222 6.777646
v 3.260000 0.010222 6.777646
v 4.740000 0.010222 6.777646
v 6.220000 0.010222 6.777646
v 0.010222 0.222354 1.900000
v 0.010222 0.222354 3.500000
v 0.010222 0.222354 5.100000
v 0.040192 0.150000 1.900000
v 0.040192 0.150000 3.500000
v 0.040192 0.150000 5.100000
v 0.087868 0.087868 1.900000
v 0.087868 0.087868 3.500000
v 0.087868 0.087868 5.100000
v 0.150000 0.040192 1.900000
v 0.150000 0.040192 3.500000
v 0.150000 0.040192 5.100000
v 0.222354 0.010222 1.900000
v 0.222354 0.010222 3.500000
v 0.222354 0.010222 5.100000
v 6.220000 1.277646 6.989778
v 4.740000 1.277646 6.989778
v 3.260000 1.277646 6.989778
v 1.780000 1.277646 6.989778
v 6.220000 1.350000 6.959808
v 4.740000 1.350000 6.959808
v 3.260000 1.350000 6.959808
v 1.780000 1.350000 6.959808
v 6.220000 1.412132 6.912132
v 4.740000 1.412132 6.912132
v 3.260000 1.412132 6.912132
v 1.780000 1.412132 6.912132
v 6.220000 1.459808 6.850000
v 4.740000 1.459808 6.850000
v 3.260000 1.459808 6.850000
v 1.780000 1.459808 6.850000
v 6.220000 1.489778 6.777646
v 4.740000 1.489778 6.777646
v 3.260000 1.489778 6.777646
v 1.780000 1.489778 6.777646
v 0.010222 1.277646 5.100000
v 0.010222 1.277646 3.500000
v 0.010222 1.277646 1.900000
v 0.040192 1.350000 5.100000
v 0.040192 1.350000 3.500000
v 0.040192 1.350000 1.900000
v 0.087868 1.412132 5.100000
v 0.087868 1.412132 3.500000
v 0.087868 1.412132 1.900000
v 0.150000 1.459808 5.100000
v 0.150000 1.459808 3.500000
v 0.150000 1.459808 1.900000
v 0.222354 1.489778 5.100000
v 0.222354 1.489778 3.500000
v 0.222354 1.489778 1.900000
v 7.989778 0.222354 5.100000
v 7.989778 0.222354 3.500000
v 7.989778 0.222354 1.900000
v 7.959808 0.150000 5.100000
v 7.959808 0.150000 3.500000
v 7.959808 0.150000 1.900000
v 7.912132 0.087868 5.100000
v 7.912132 0.087868 3.500000
v 7.912132 0.087868 1.900000
v 7.850000 0.040192 5.100000
v 7.850000 0.040192 3.500000
v 7.850000 0.040192 1.900000
v 7.777646 0.010222 5.100000
v 7.777646 0.010222 3.500000
v 7.777646 0.010222 1.900000
v 1.780000 1.277646 0.010222
v 3.260000 1.277646 0.010222
v 4.740000 1.277646 0.010222
v 6.220000 1.277646 0.010222
v 1.780000 1.350000 0.040192
v 3.260000 1.350000 0.040192
v 4.740000 1.350000 0.040192
v 6.220000 1.350000 0.040192
v 1.780000 1.412132 0.087868
v 3.260000 1.412132 0.087868
v 4.740000 1.412132 0.087868
v 6.220000 1.412132 0.087868
v 1.780000 1.459808 0.150000
v 3.260000 1.459808 0.150000
v 4.740000 1.459808 0.150000
v 6.220000 1.459808 0.150000
v 1.780000 1.489778 0.222354
v 3.260000 1.489778 0.222354
v 4.740000 1.489778 0.222354
v 6.220000 1.489778 0.222354
v 7.989778 1.277646 1.900000
v 7.989778 1.277646 3.500000
v 7.989778 1.277646 5.100000
v 7.959808 1.350000 1.900000
v 7.959808 1.350000 3.500000
v 7.959808 1.350000 5.100000
v 7.912132 1.412132 1.900000
v 7.912132 1.412132 3.500000
v 7.912132 1.412132 5.100000
v 7.850000 1.459808 1.900000
v 7.850000 1.459808 3.500000
v 7.850000 1.459808 5.100000
v 7.777646 1.489778 1.900000
v 7.777646 1.489778 3.500000
v 7.777646 1.489778 5.100000
vt 0.050694 0.261241 0.000000
vt 0.000000 0.259882 0.000000
vt 0.000000 0.236055 0.000000
vt -0.050694 0.261241 0.000000
vt -0.065555 0.236055 0.000000
vt -0.100941 0.265020 0.000000
vt -0.131109 0.236055 0.000000
vt -0.151560 0.271614 0.000000
vt -0.196664 0.236055 0.000000
vt -0.201026 0.280617 0.000000
vt -0.251020 0.292640 0.000000
vt -0.262218 0.236055 0.000000
vt -0.299579 0.307064 0.000000
vt -0.327773 0.236055 0.000000
vt -0.348624 0.324615 0.000000
vt -0.393327 0.236055 0.000000
vt -0.396502 0.344530 0.000000
vt -0.444595 0.367149 0.000000
vt -0.458882 0.236055 0.000000
vt -0.492379 0.391846 0.000000
vt -0.524437 0.236055 0.000000
vt -0.539988 0.417647 0.000000
vt -0.589991 0.236055 0.000000
vt -0.588419 0.444117 0.000000
vt -0.636603 0.468333 0.000000
vt -0.655546 0.236055 0.000000
vt -0.686343 0.489340 0.000000
vt -0.721100 0.236055 0.000000
vt -0.736051 0.502979 0.000000
vt -0.786655 0.236055 0.000000
vt -0.786655 0.508239 0.000000
vt 0.786655 0.236055 0.000000
vt 0.786655 0.508239 0.000000
vt 0.736051 0.502979 0.000000
vt 0.686343 0.489340 0.000000
vt 0.721100 0.236055 0.000000
vt 0.786655 -0.036130 0.000000
vt 0.721100 -0.036130 0.000000
vt 0.786655 -0.308315 0.000000
vt 0.721100 -0.308315 0.000000
vt 0.786655 -0.580499 0.000000
vt 0.721100 -0.580499 0.000000
vt 0.786655 -0.852684 0.000000
vt 0.721100 -0.852684 0.000000
vt 0.786655 -1.124868 0.000000
vt 0.721100 -1.124868 0.000000
vt 0.786655 -1.397053 0.000000
vt 0.721100 -1.397053 0.000000
vt 0.786655 -1.669238 0.000000
vt 0.721100 -1.669238 0.000000
vt 0.786655 -1.941422 0.000000
vt 0.721100 -1.941585 0.000000
vt 0.786655 -2.213607 0.000000
vt 0.735783 -2.207737 0.000000
vt 0.655546 -1.941748 0.000000
vt 0.685980 -2.192578 0.000000
vt 0.589991 -1.941910 0.000000
vt 0.636183 -2.169349 0.000000
vt 0.588196 -2.142786 0.000000
vt 0.539930 -2.113826 0.000000
vt 0.524437 -1.942073 0.000000
vt 0.492597 -2.085722 0.000000
vt 0.458882 -1.942236 0.000000
vt 0.445063 -2.058841 0.000000
vt 0.393327 -1.942398 0.000000
vt 0.397148 -2.034207 0.000000
vt 0.349492 -2.012546 0.000000
vt 0.327773 -1.942561 0.000000
vt 0.300471 -1.993382 0.000000
vt 0.262218 -1.942724 0.000000
vt 0.252005 -1.977653 0.000000
vt 0.196664 -1.942886 0.000000
vt 0.201870 -1.964484 0.000000
vt 0.152331 -1.954633 0.000000
vt 0.131109 -1.943049 0.000000
vt 0.101445 -1.947394 0.000000
vt 0.065555 -1.943212 0.000000
vt 0.050986 -1.943248 0.000000
vt 0.000000 -1.941755 0.000000
vt 0.065555 -1.669238 0.000000
vt 0.000000 -1.669238 0.000000
vt 0.000000 -1.397053 0.000000
vt -0.065555 -1.397053 0.000000
vt -0.065555 -1.124868 0.000000
vt -0.131109 -1.124868 0.000000
vt -0.131109 -0.852684 0.000000
vt -0.196664 -0.852684 0.000000
vt -0.196664 -0.580499 0.000000
vt -0.262218 -0.580499 0.000000
vt -0.262218 -0.308315 0.000000
vt -0.327773 -0.308315 0.000000
vt -0.327773 -0.036130 0.000000
vt -0.393327 -0.036130 0.000000
vt 0.636603 0.468333 0.000000
vt 0.655546 0.236055 0.000000
vt 0.655546 -0.036130 0.000000
vt 0.655546 -0.308315 0.000000
vt 0.655546 -0.580499 0.000000
vt 0.655546 -0.852684 0.000000
vt 0.655546 -1.124868 0.000000
vt 0.655546 -1.397053 0.000000
vt 0.655546 -1.669238 0.000000
vt 0.588419 0.444117 0.000000
vt 0.589991 0.236055 0.000000
vt 0.589991 -0.036130 0.000000
vt 0.589991 -0.308315 0.000000
vt 0.589991 -0.580499 0.000000
vt 0.589991 -0.852684 0.000000
vt 0.589991 -1.124868 0.000000
vt 0.589991 -1.397053 0.000000
vt 0.589991 -1.669238 0.000000
vt 0.539988 0.417647 0.000000
vt 0.524437 0.236055 0.000000
vt 0.524437 -0.036130 0.000000
vt 0.524437 -0.308315 0.000000
vt 0.524437 -0.580499 0.000000
vt 0.524437 -0.852684 0.000000
vt 0.524437 -1.124868 0.000000
vt 0.524437 -1.397053 0.000000
vt 0.524437 -1.669238 0.000000
vt 0.492379 0.391846 0.000000
vt 0.458882 0.236055 0.000000
vt 0.458882 -0.036130 0.000000
vt 0.458882 -0.308315 0.000000
vt 0.458882 -0.580499 0.000000
vt 0.458882 -0.852684 0.000000
vt 0.458882 -1.124868 0.000000
vt 0.458882 -1.397053 0.000000
vt 0.458882 -1.669238 0.000000
vt 0.444595 0.367149 0.000000
vt 0.393327 0.236055 0.000000
vt 0.393327 -0.036130 0.000000
vt 0.393327 -0.308315 0.000000
vt 0.393327 -0.580499 0.000000
vt 0.393327 -0.852684 0.000000
vt 0.393327 -1.124868 0.000000
vt 0.393327 -1.397053 0.000000
vt 0.393327 -1.669238 0.000000
vt 0.396502 0.344530 0.000000
vt 0.348624 0.324615 0.000000
vt 0.327773 0.236055 0.000000
vt 0.299579 0.307064 0.000000
vt 0.262218 0.236055 0.000000
vt 0.251020 0.292640 0.000000
vt 0.196664 0.236055 0.000000
vt 0.201026 0.280617 0.000000
vt 0.151560 0.271614 0.000000
vt 0.131109 0.236055 0.000000
vt 0.100941 0.265020 0.000000
vt 0.065555 0.236055 0.000000
vt -0.786655 -1.941422 0.000000
vt -0.786655 -2.213607 0.000000
vt -0.721100 -1.941585 0.000000
vt -0.735783 -2.207737 0.000000
vt -0.685980 -2.192578 0.000000
vt -0.655546 -1.941748 0.000000
vt -0.636183 -2.169349 0.000000
vt -0.589991 -1.941910 0.000000
vt -0.588196 -2.142786 0.000000
vt -0.539930 -2.113826 0.000000
vt -0.524437 -1.942073 0.000000
vt -0.492597 -2.085722 0.000000
vt -0.458882 -1.942236 0.000000
vt -0.445063 -2.058841 0.000000
vt -0.393327 -1.942398 0.000000
vt -0.397148 -2.034207 0.000000
vt -0.349492 -2.012546 0.000000
vt -0.327773 -1.942561 0.000000
vt -0.300471 -1.993382 0.000000
vt -0.262218 -1.942724 0.000000
vt -0.252005 -1.977653 0.000000
vt -0.196664 -1.942886 0.000000
vt -0.201870 -1.964484 0.000000
vt -0.152331 -1.954633 0.000000
vt -0.131109 -1.943049 0.000000
vt -0.101445 -1.947394 0.000000
vt -0.065555 -1.943212 0.000000
vt -0.050986 -1.943248 0.000000
vt -0.786655 -0.036130 0.000000
vt -0.721100 -0.036130 0.000000
vt -0.721100 -0.308315 0.000000
vt -0.655546 -0.308315 0.000000
vt -0.655546 -0.580499 0.000000
vt -0.589991 -0.580499 0.000000
vt -0.589991 -0.852684 0.000000
vt -0.524437 -0.852684 0.000000
vt -0.524437 -1.124868 0.000000
vt -0.458882 -1.124868 0.000000
vt -0.458882 -1.397053 0.000000
vt -0.393327 -1.397053 0.000000
vt -0.393327 -1.669238 0.000000
vt -0.327773 -1.669238 0.000000
vt -0.786655 -0.308315 0.000000
vt -0.721100 -0.580499 0.000000
vt -0.655546 -0.852684 0.000000
vt -0.589991 -1.124868 0.000000
vt -0.524437 -1.397053 0.000000
vt -0.458882 -1.669238 0.000000
vt -0.786655 -0.580499 0.000000
vt -0.721100 -0.852684 0.000000
vt -0.655546 -1.124868 0.000000
vt -0.589991 -1.397053 0.000000
vt -0.524437 -1.669238 0.000000
vt -0.786655 -0.852684 0.000000
vt -0.721100 -1.124868 0.000000
vt -0.655546 -1.397053 0.000000
vt -0.589991 -1.669238 0.000000
vt -0.786655 -1.124868 0.000000
vt -0.721100 -1.397053 0.000000
vt -0.655546 -1.669238 0.000000
vt -0.786655 -1.397053 0.000000
vt -0.721100 -1.669238 0.000000
vt -0.786655 -1.669238 0.000000
vt -0.655546 -0.036130 0.000000
vt -0.589991 -0.036130 0.000000
vt -0.589991 -0.308315 0.000000
vt -0.524437 -0.036130 0.000000
vt -0.524437 -0.308315 0.000000
vt -0.524437 -0.580499 0.000000
vt -0.458882 -0.036130 0.000000
vt -0.458882 -0.308315 0.000000
vt -0.458882 -0.580499 0.000000
vt -0.458882 -0.852684 0.000000
vt -0.262218 -0.036130 0.000000
vt -0.196664 -0.036130 0.000000
vt -0.131109 -0.036130 0.000000
vt -0.065555 -0.036130 0.000000
vt 0.000000 -0.036130 0.000000
vt 0.065555 -0.036130 0.000000
vt 0.131109 -0.036130 0.000000
vt 0.196664 -0.036130 0.000000
vt 0.262218 -0.036130 0.000000
vt 0.327773 -0.036130 0.000000
vt 0.327773 -1.669238 0.000000
vt 0.327773 -1.397053 0.000000
vt 0.327773 -1.124868 0.000000
vt 0.327773 -0.852684 0.000000
vt 0.327773 -0.580499 0.000000
vt 0.327773 -0.308315 0.000000
vt 0.262218 -1.669238 0.000000
vt 0.262218 -1.397053 0.000000
vt 0.262218 -1.124868 0.000000
vt 0.262218 -0.852684 0.000000
vt 0.262218 -0.580499 0.000000
vt 0.262218 -0.308315 0.000000
vt 0.196664 -1.669238 0.000000
vt 0.196664 -1.397053 0.000000
vt 0.196664 -1.124868 0.000000
vt 0.196664 -0.852684 0.000000
vt 0.196664 -0.580499 0.000000
vt 0.196664 -0.308315 0.000000
vt 0.131109 -1.669238 0.000000
vt 0.131109 -1.397053 0.000000
vt 0.131109 -1.124868 0.000000
vt 0.131109 -0.852684 0.000000
vt 0.131109 -0.580499 0.000000
vt 0.131109 -0.308315 0.000000
vt 0.065555 -1.397053 0.000000
vt 0.065555 -1.124868 0.000000
vt 0.065555 -0.852684 0.000000
vt 0.065555 -0.580499 0.000000
vt 0.065555 -0.308315 0.000000
vt -0.065555 -1.669238 0.000000
vt -0.131109 -1.669238 0.000000
vt -0.131109 -1.397053 0.000000
vt -0.196664 -1.669238 0.000000
vt -0.196664 -1.397053 0.000000
vt -0.196664 -1.124868 0.000000
vt -0.262218 -1.669238 0.000000
vt -0.262218 -1.397053 0.000000
vt -0.262218 -1.124868 0.000000
vt -0.262218 -0.852684 0.000000
vt -0.327773 -1.397053 0.000000
vt -0.393327 -1.124868 0.000000
vt -0.393327 -0.308315 0.000000
vt -0.327773 -0.580499 0.000000
vt -0.196664 -0.308315 0.000000
vt -0.131109 -0.308315 0.000000
vt -0.065555 -0.308315 0.000000
vt 0.000000 -0.308315 0.000000
vt -0.393327 -0.580499 0.000000
vt -0.393327 -0.852684 0.000000
vt -0.131109 -0.580499 0.000000
vt -0.065555 -0.580499 0.000000
vt 0.000000 -0.580499 0.000000
vt -0.327773 -0.852684 0.000000
vt -0.065555 -0.852684 0.000000
vt 0.000000 -0.852684 0.000000
vt -0.327773 -1.124868 0.000000
vt 0.000000 -1.124868 0.000000
vt 0.055215 -0.227102 0.000000
vt 0.126160 -0.261995 0.000000
vt 0.106104 -0.187139 0.000000
vt 0.157080 -0.181985 0.000000
vt 0.106104 -0.112284 0.000000
vt 0.177476 -0.093759 0.000000
vt 0.106104 -0.037428 0.000000
vt 0.184644 -0.000000 0.000000
vt 0.106104 0.037428 0.000000
vt 0.177476 0.093759 0.000000
vt 0.106104 0.112284 0.000000
vt 0.157080 0.181985 0.000000
vt 0.106104 0.187139 0.000000
vt 0.126160 0.261995 0.000000
vt 0.055215 0.227102 0.000000
vt 0.027564 0.187139 0.000000
vt -0.016417 0.195213 0.000000
vt 0.027564 0.112284 0.000000
vt -0.050976 0.112284 0.000000
vt 0.027564 0.037428 0.000000
vt -0.050976 0.037428 0.000000
vt 0.027564 -0.037428 0.000000
vt -0.050976 -0.037428 0.000000
vt 0.027564 -0.112284 0.000000
vt -0.050976 -0.112284 0.000000
vt -0.016417 -0.195213 0.000000
vt -0.087853 -0.162466 0.000000
vt -0.129515 -0.112284 0.000000
vt -0.158114 -0.124608 0.000000
vt -0.129515 -0.037428 0.000000
vt -0.208055 -0.037428 0.000000
vt -0.208055 0.037428 0.000000
vt -0.286595 0.000000 0.000000
vt -0.225564 0.074884 0.000000
vt -0.158114 0.124608 0.000000
vt -0.129515 0.037428 0.000000
vt -0.129515 0.112284 0.000000
vt -0.087853 0.162466 0.000000
vt -0.225564 -0.074884 0.000000
vt 0.027564 -0.187139 0.000000
vt 0.225564 0.074884 0.000000
vt 0.208055 0.037428 0.000000
vt 0.286595 0.000000 0.000000
vt 0.208055 -0.037428 0.000000
vt 0.225564 -0.074884 0.000000
vt 0.158114 -0.124608 0.000000
vt 0.129515 -0.037428 0.000000
vt 0.129515 -0.112284 0.000000
vt 0.050976 -0.037428 0.000000
vt 0.050976 -0.112284 0.000000
vt -0.027564 -0.037428 0.000000
vt -0.027564 -0.112284 0.000000
vt -0.106104 -0.037428 0.000000
vt -0.106104 -0.112284 0.000000
vt -0.177476 -0.093759 0.000000
vt -0.157080 -0.181985 0.000000
vt 0.158114 0.124608 0.000000
vt 0.129515 0.037428 0.000000
vt 0.129515 0.112284 0.000000
vt 0.087853 0.162466 0.000000
vt 0.050976 0.112284 0.000000
vt 0.016417 0.195213 0.000000
vt -0.027564 0.112284 0.000000
vt -0.027564 0.187139 0.000000
vt -0.106104 0.187139 0.000000
vt -0.055215 0.227102 0.000000
vt -0.126160 0.261995 0.000000
vt -0.157080 0.181985 0.000000
vt -0.106104 0.112284 0.000000
vt -0.027564 0.037428 0.000000
vt 0.050976 0.037428 0.000000
vt -0.177476 0.093759 0.000000
vt -0.106104 0.037428 0.000000
vt -0.184644 -0.000000 0.000000
vt -0.106104 -0.187139 0.000000
vt -0.126160 -0.261995 0.000000
vt -0.055215 -0.227102 0.000000
vt -0.027564 -0.187139 0.000000
vt 0.016417 -0.195213 0.000000
vt 0.087853 -0.162466 0.000000
vt -0.157080 -0.181985 0.000000
vt -0.126160 -0.261995 0.000000
vt -0.106104 -0.187139 0.000000
vt -0.055215 -0.227102 0.000000
vt -0.027564 -0.187139 0.000000
vt 0.016417 -0.195213 0.000000
vt -0.027564 -0.112284 0.000000
vt 0.050976 -0.112284 0.000000
vt -0.027564 -0.037428 0.000000
vt 0.050976 -0.037428 0.000000
vt -0.027564 0.037428 0.000000
vt 0.050976 0.037428 0.000000
vt -0.027564 0.112284 0.000000
vt 0.050976 0.112284 0.000000
vt 0.016417 0.195213 0.000000
vt 0.087853 0.162466 0.000000
vt 0.129515 0.112284 0.000000
vt 0.158114 0.124608 0.000000
vt 0.129515 0.037428 0.000000
vt 0.208055 0.037428 0.000000
vt 0.208055 -0.037428 0.000000
vt 0.286595 0.000000 0.000000
vt 0.225564 -0.074884 0.000000
vt 0.158114 -0.124608 0.000000
vt 0.129515 -0.037428 0.000000
vt 0.129515 -0.112284 0.000000
vt 0.087853 -0.162466 0.000000
vt 0.225564 0.074884 0.000000
vt -0.027564 0.187139 0.000000
vt -0.055215 0.227102 0.000000
vt -0.106104 0.187139 0.000000
vt -0.126160 0.261995 0.000000
vt -0.157080 0.181985 0.000000
vt -0.106104 0.112284 0.000000
vt -0.177476 0.093759 0.000000
vt -0.106104 0.037428 0.000000
vt -0.184644 -0.000000 0.000000
vt -0.106104 -0.037428 0.000000
vt -0.177476 -0.093759 0.000000
vt -0.106104 -0.112284 0.000000
vt 0.225564 0.074884 0.000000
vt 0.208055 0.037428 0.000000
vt 0.286595 0.000000 0.000000
vt 0.208055 -0.037428 0.000000
vt 0.225564 -0.074884 0.000000
vt 0.158114 -0.124608 0.000000
vt 0.129515 -0.037428 0.000000
vt 0.129515 -0.112284 0.000000
vt 0.050976 -0.037428 0.000000
vt 0.050976 -0.112284 0.000000
vt -0.027564 -0.037428 0.000000
vt -0.027564 -0.112284 0.000000
vt -0.106104 -0.037428 0.000000
vt -0.106104 -0.112284 0.000000
vt -0.177476 -0.093759 0.000000
vt -0.157080 -0.181985 0.000000
vt 0.158114 0.124608 0.000000
vt 0.129515 0.037428 0.000000
vt 0.129515 0.112284 0.000000
vt 0.087853 0.162466 0.000000
vt 0.050976 0.112284 0.000000
vt 0.016417 0.195213 0.000000
vt -0.027564 0.112284 0.000000
vt -0.027564 0.187139 0.000000
vt -0.106104 0.187139 0.000000
vt -0.055215 0.227102 0.000000
vt -0.126160 0.261995 0.000000
vt -0.157080 0.181985 0.000000
vt -0.106104 0.112284 0.000000
vt -0.027564 0.037428 0.000000
vt 0.050976 0.037428 0.000000
vt -0.177476 0.093759 0.000000
vt -0.106104 0.037428 0.000000
vt -0.184644 -0.000000 0.000000
vt -0.106104 -0.187139 0.000000
vt -0.126160 -0.261995 0.000000
vt -0.055215 -0.227102 0.000000
vt -0.027564 -0.187139 0.000000
vt 0.016417 -0.195213 0.000000
vt 0.087853 -0.162466 0.000000
vt 0.225564 0.074884 0.000000
vt 0.208055 0.037428 0.000000
vt 0.286595 -0.000000 0.000000
vt 0.208055 -0.037428 0.000000
vt 0.225564 -0.074884 0.000000
vt 0.158114 -0.124608 0.000000
vt 0.129515 -0.037428 0.000000
vt 0.129515 -0.112284 0.000000
vt 0.050976 -0.037428 0.000000
vt 0.050976 -0.112284 0.000000
vt -0.027564 -0.037428 0.000000
vt -0.027564 -0.112284 0.000000
vt -0.106104 -0.037428 0.000000
vt -0.106104 -0.112284 0.000000
vt -0.177476 -0.093759 0.000000
vt -0.157080 -0.181985 0.000000
vt 0.158114 0.124608 0.000000
vt 0.129515 0.037428 0.000000
vt 0.129515 0.112284 0.000000
vt 0.087853 0.162466 0.000000
vt 0.050976 0.112284 0.000000
vt 0.016417 0.195213 0.000000
vt -0.027564 0.112284 0.000000
vt -0.027564 0.187139 0.000000
vt -0.106104 0.187139 0.000000
vt -0.055215 0.227102 0.000000
vt -0.126160 0.261995 0.000000
vt -0.157080 0.181985 0.000000
vt -0.106104 0.112284 0.000000
vt -0.027564 0.037428 0.000000
vt 0.050976 0.037428 0.000000
vt -0.177476 0.093759 0.000000
vt -0.106104 0.037428 0.000000
vt -0.184644 0.000000 0.000000
vt -0.106104 -0.187139 0.000000
vt -0.126160 -0.261995 0.000000
vt -0.055215 -0.227102 0.000000
vt -0.027564 -0.187139 0.000000
vt 0.016417 -0.195213 0.000000
vt 0.087853 -0.162466 0.000000
vt 0.157080 0.181985 0.000000
vt 0.126160 0.261995 0.000000
vt 0.106104 0.187139 0.000000
vt 0.055215 0.227102 0.000000
vt 0.027564 0.187139 0.000000
vt -0.016417 0.195213 0.000000
vt 0.027564 0.112284 0.000000
vt -0.050976 0.112284 0.000000
vt 0.027564 0.037428 0.000000
vt -0.050976 0.037428 0.000000
vt 0.027564 -0.037428 0.000000
vt -0.050976 -0.037428 0.000000
vt 0.027564 -0.112284 0.000000
vt -0.050976 -0.112284 0.000000
vt -0.016417 -0.195213 0.000000
vt -0.087853 -0.162466 0.000000
vt -0.129515 -0.112284 0.000000
vt -0.158114 -0.124608 0.000000
vt -0.129515 -0.037428 0.000000
vt -0.208055 -0.037428 0.000000
vt -0.208055 0.037428 0.000000
vt -0.286595 0.000000 0.000000
vt -0.225564 0.074884 0.000000
vt -0.158114 0.124608 0.000000
vt -0.129515 0.037428 0.000000
vt -0.129515 0.112284 0.000000
vt -0.087853 0.162466 0.000000
vt -0.225564 -0.074884 0.000000
vt 0.027564 -0.187139 0.000000
vt 0.055215 -0.227102 0.000000
vt 0.106104 -0.187139 0.000000
vt 0.126160 -0.261995 0.000000
vt 0.157080 -0.181985 0.000000
vt 0.106104 -0.112284 0.000000
vt 0.177476 -0.093759 0.000000
vt 0.106104 -0.037428 0.000000
vt 0.184644 -0.000000 0.000000
vt 0.106104 0.037428 0.000000
vt 0.177476 0.093759 0.000000
vt 0.106104 0.112284 0.000000
vt 0.055215 -0.227102 0.000000
vt 0.126160 -0.261995 0.000000
vt 0.106104 -0.187139 0.000000
vt 0.157080 -0.181985 0.000000
vt 0.106104 -0.112284 0.000000
vt 0.177476 -0.093759 0.000000
vt 0.106104 -0.037428 0.000000
vt 0.184644 -0.000000 0.000000
vt 0.106104 0.037428 0.000000
vt 0.177476 0.093759 0.000000
vt 0.106104 0.112284 0.000000
vt 0.157080 0.181985 0.000000
vt 0.106104 0.187139 0.000000
vt 0.126160 0.261995 0.000000
vt 0.055215 0.227102 0.000000
vt 0.027564 0.187139 0.000000
vt -0.016417 0.195213 0.000000
vt 0.027564 0.112284 0.000000
vt -0.050976 0.112284 0.000000
vt 0.027564 0.037428 0.000000
vt -0.050976 0.037428 0.000000
vt 0.027564 -0.037428 0.000000
vt -0.050976 -0.037428 0.000000
vt 0.027564 -0.112284 0.000000
vt -0.050976 -0.112284 0.000000
vt -0.016417 -0.195213 0.000000
vt -0.087853 -0.162466 0.000000
vt -0.129515 -0.112284 0.000000
vt -0.158114 -0.124608 0.000000
vt -0.129515 -0.037428 0.000000
vt -0.208055 -0.037428 0.000000
vt -0.208055 0.037428 0.000000
vt -0.286595 0.000000 0.000000
vt -0.225564 0.074884 0.000000
vt -0.158114 0.124608 0.000000
vt -0.129515 0.037428 0.000000
vt -0.129515 0.112284 0.000000
vt -0.087853 0.162466 0.000000
vt -0.225564 -0.074884 0.000000
vt 0.027564 -0.187139 0.000000
vt -1.700000 0.157080 0.000000
vt -0.220000 0.157080 0.000000
vt -1.700000 0.235619 0.000000
vt 1.260000 0.157080 0.000000
vt 2.740000 0.157080 0.000000
vt 2.740000 0.078540 0.000000
vt 4.220000 0.078540 0.000000
vt 4.220000 -0.000000 0.000000
vt 5.700000 -0.000000 0.000000
vt 5.700000 -0.078540 0.000000
vt 4.220000 -0.078540 0.000000
vt 5.700000 -0.157080 0.000000
vt 4.220000 -0.157080 0.000000
vt 5.700000 -0.235619 0.000000
vt 2.740000 -0.157080 0.000000
vt 1.260000 -0.157080 0.000000
vt 1.260000 -0.078540 0.000000
vt -0.220000 -0.078540 0.000000
vt -0.220000 0.000000 0.000000
vt -1.700000 0.000000 0.000000
vt -1.700000 0.078540 0.000000
vt -0.220000 0.078540 0.000000
vt -1.700000 -0.078540 0.000000
vt -0.220000 -0.157080 0.000000
vt -1.700000 -0.235619 0.000000
vt -1.700000 -0.157080 0.000000
vt 5.700000 0.078540 0.000000
vt 4.220000 0.157080 0.000000
vt 5.700000 0.235619 0.000000
vt 5.700000 0.157080 0.000000
vt 1.260000 0.078540 0.000000
vt 1.260000 0.000000 0.000000
vt 2.740000 -0.000000 0.000000
vt 2.740000 -0.078540 0.000000
vt -0.225564 -0.074884 0.000000
vt -0.208055 -0.037428 0.000000
vt -0.286595 0.000000 0.000000
vt -0.208055 0.037428 0.000000
vt -0.225564 0.074884 0.000000
vt -0.158114 0.124608 0.000000
vt -0.129515 0.037428 0.000000
vt -0.129515 0.112284 0.000000
vt -0.050976 0.037428 0.000000
vt -0.050976 0.112284 0.000000
vt 0.027564 0.037428 0.000000
vt 0.027564 0.112284 0.000000
vt 0.106104 0.037428 0.000000
vt 0.106104 0.112284 0.000000
vt 0.177476 0.093759 0.000000
vt 0.157080 0.181985 0.000000
vt -0.158114 -0.124608 0.000000
vt -0.129515 -0.037428 0.000000
vt -0.129515 -0.112284 0.000000
vt -0.087853 -0.162466 0.000000
vt -0.050976 -0.112284 0.000000
vt -0.016417 -0.195213 0.000000
vt 0.027564 -0.112284 0.000000
vt 0.027564 -0.187139 0.000000
vt 0.106104 -0.187139 0.000000
vt 0.055215 -0.227102 0.000000
vt 0.126160 -0.261995 0.000000
vt 0.157080 -0.181985 0.000000
vt 0.106104 -0.112284 0.000000
vt 0.027564 -0.037428 0.000000
vt -0.050976 -0.037428 0.000000
vt 0.177476 -0.093759 0.000000
vt 0.106104 -0.037428 0.000000
vt 0.184644 -0.000000 0.000000
vt 0.106104 0.187139 0.000000
vt 0.126160 0.261995 0.000000
vt 0.055215 0.227102 0.000000
vt 0.027564 0.187139 0.000000
vt -0.016417 0.195213 0.000000
vt -0.087853 0.162466 0.000000
vt -1.700000 0.157080 0.000000
vt -0.220000 0.157080 0.000000
vt -1.700000 0.235619 0.000000
vt 1.260000 0.157080 0.000000
vt 2.740000 0.157080 0.000000
vt 2.740000 0.078540 0.000000
vt 4.220000 0.078540 0.000000
vt 4.220000 0.000000 0.000000
vt 5.700000 0.000000 0.000000
vt 5.700000 -0.078540 0.000000
vt 4.220000 -0.078540 0.000000
vt 5.700000 -0.157080 0.000000
vt 4.220000 -0.157080 0.000000
vt 5.700000 -0.235619 0.000000
vt 2.740000 -0.157080 0.000000
vt 1.260000 -0.157080 0.000000
vt 1.260000 -0.078540 0.000000
vt -0.220000 -0.078540 0.000000
vt -0.220000 0.000000 0.000000
vt -1.700000 0.000000 0.000000
vt -1.700000 0.078540 0.000000
vt -0.220000 0.078540 0.000000
vt -1.700000 -0.078540 0.000000
vt -0.220000 -0.157080 0.000000
vt -1.700000 -0.235619 0.000000
vt -1.700000 -0.157080 0.000000
vt 5.700000 0.078540 0.000000
vt 4.220000 0.157080 0.000000
vt 5.700000 0.235619 0.000000
vt 5.700000 0.157080 0.000000
vt 1.260000 0.078540 0.000000
vt 1.260000 0.000000 0.000000
vt 2.740000 0.000000 0.000000
vt 2.740000 -0.078540 0.000000
vt -0.300000 0.235619 0.000000
vt -1.200000 0.235619 0.000000
vt -0.300000 0.157080 0.000000
vt -1.200000 0.157080 0.000000
vt -0.300000 0.078540 0.000000
vt -1.200000 0.078540 0.000000
vt -0.300000 0.000000 0.000000
vt -1.200000 0.000000 0.000000
vt -0.300000 -0.078540 0.000000
vt -1.200000 -0.078540 0.000000
vt -0.300000 -0.157080 0.000000
vt -1.200000 -0.157080 0.000000
vt -0.300000 -0.235619 0.000000
vt -1.200000 -0.235619 0.000000
vt -1.450000 0.157080 0.000000
vt 0.150000 0.157080 0.000000
vt -1.450000 0.235619 0.000000
vt 1.750000 0.157080 0.000000
vt 4.950000 0.235619 0.000000
vt 3.350000 0.157080 0.000000
vt 4.950000 0.157080 0.000000
vt 4.950000 0.078540 0.000000
vt 3.350000 0.078540 0.000000
vt 4.950000 -0.000000 0.000000
vt 3.350000 -0.000000 0.000000
vt 4.950000 -0.078540 0.000000
vt 3.350000 -0.078540 0.000000
vt 4.950000 -0.157080 0.000000
vt 3.350000 -0.157080 0.000000
vt 4.950000 -0.235619 0.000000
vt 1.750000 -0.157080 0.000000
vt -1.450000 -0.235619 0.000000
vt 0.150000 -0.157080 0.000000
vt -1.450000 -0.157080 0.000000
vt -1.450000 -0.078540 0.000000
vt 0.150000 -0.078540 0.000000
vt -1.450000 0.000000 0.000000
vt 0.150000 0.000000 0.000000
vt -1.450000 0.078540 0.000000
vt 0.150000 0.078540 0.000000
vt 1.750000 0.078540 0.000000
vt 1.750000 0.000000 0.000000
vt 1.750000 -0.078540 0.000000
vt -0.300000 0.235619 0.000000
vt -1.200000 0.235619 0.000000
vt -0.300000 0.157080 0.000000
vt -1.200000 0.157080 0.000000
vt -0.300000 0.078540 0.000000
vt -1.200000 0.078540 0.000000
vt -0.300000 0.000000 0.000000
vt -1.200000 0.000000 0.000000
vt -0.300000 -0.078540 0.000000
vt -1.200000 -0.078540 0.000000
vt -0.300000 -0.157080 0.000000
vt -1.200000 -0.157080 0.000000
vt -0.300000 -0.235619 0.000000
vt -1.200000 -0.235619 0.000000
vt -5.700000 0.157080 0.000000
vt -4.220000 0.157080 0.000000
vt -5.700000 0.235619 0.000000
vt -2.740000 0.157080 0.000000
vt -1.260000 0.157080 0.000000
vt -1.260000 0.078540 0.000000
vt 0.220000 0.078540 0.000000
vt 0.220000 0.000000 0.000000
vt 1.700000 0.000000 0.000000
vt 1.700000 -0.078540 0.000000
vt 0.220000 -0.078540 0.000000
vt 1.700000 -0.157080 0.000000
vt 0.220000 -0.157080 0.000000
vt 1.700000 -0.235619 0.000000
vt -1.260000 -0.157080 0.000000
vt -2.740000 -0.157080 0.000000
vt -2.740000 -0.078540 0.000000
vt -4.220000 -0.078540 0.000000
vt -4.220000 0.000000 0.000000
vt -5.700000 0.000000 0.000000
vt -5.700000 0.078540 0.000000
vt -4.220000 0.078540 0.000000
vt -5.700000 -0.078540 0.000000
vt -4.220000 -0.157080 0.000000
vt -5.700000 -0.235619 0.000000
vt -5.700000 -0.157080 0.000000
vt 1.700000 0.078540 0.000000
vt 0.220000 0.157080 0.000000
vt 1.700000 0.235619 0.000000
vt 1.700000 0.157080 0.000000
vt -2.740000 0.078540 0.000000
vt -2.740000 0.000000 0.000000
vt -1.260000 0.000000 0.000000
vt -1.260000 -0.078540 0.000000
vt -4.950000 0.157080 0.000000
vt -3.350000 0.157080 0.000000
vt -4.950000 0.235619 0.000000
vt -1.750000 0.157080 0.000000
vt 1.450000 0.235619 0.000000
vt -0.150000 0.157080 0.000000
vt 1.450000 0.157080 0.000000
vt 1.450000 0.078540 0.000000
vt -0.150000 0.078540 0.000000
vt 1.450000 0.000000 0.000000
vt -0.150000 0.000000 0.000000
vt 1.450000 -0.078540 0.000000
vt -0.150000 -0.078540 0.000000
vt 1.450000 -0.157080 0.000000
vt -0.150000 -0.157080 0.000000
vt 1.450000 -0.235619 0.000000
vt -1.750000 -0.157080 0.000000
vt -4.950000 -0.235619 0.000000
vt -3.350000 -0.157080 0.000000
vt -4.950000 -0.157080 0.000000
vt -4.950000 -0.078540 0.000000
vt -3.350000 -0.078540 0.000000
vt -4.950000 0.000000 0.000000
vt -3.350000 0.000000 0.000000
vt -4.950000 0.078540 0.000000
vt -3.350000 0.078540 0.000000
vt -1.750000 0.078540 0.000000
vt -1.750000 0.000000 0.000000
vt -1.750000 -0.078540 0.000000
vt -1.450000 0.157080 0.000000
vt 0.150000 0.157080 0.000000
vt -1.450000 0.235619 0.000000
vt 1.750000 0.157080 0.000000
vt 4.950000 0.235619 0.000000
vt 3.350000 0.157080 0.000000
vt 4.950000 0.157080 0.000000
vt 4.950000 0.078540 0.000000
vt 3.350000 0.078540 0.000000
vt 4.950000 0.000000 0.000000
vt 3.350000 0.000000 0.000000
vt 4.950000 -0.078540 0.000000
vt 3.350000 -0.078540 0.000000
vt 4.950000 -0.157080 0.000000
vt 3.350000 -0.157080 0.000000
vt 4.950000 -0.235619 0.000000
vt 1.750000 -0.157080 0.000000
vt -1.450000 -0.235619 0.000000
vt 0.150000 -0.157080 0.000000
vt -1.450000 -0.157080 0.000000
vt -1.450000 -0.078540 0.000000
vt 0.150000 -0.078540 0.000000
vt -1.450000 0.000000 0.000000
vt 0.150000 0.000000 0.000000
vt -1.450000 0.078540 0.000000
vt 0.150000 0.078540 0.000000
vt 1.750000 0.078540 0.000000
vt 1.750000 0.000000 0.000000
vt 1.750000 -0.078540 0.000000
vt -0.300000 0.235619 0.000000
vt -1.200000 0.235619 0.000000
vt -0.300000 0.157080 0.000000
vt -1.200000 0.157080 0.000000
vt -0.300000 0.078540 0.000000
vt -1.200000 0.078540 0.000000
vt -0.300000 0.000000 0.000000
vt -1.200000 0.000000 0.000000
vt -0.300000 -0.078540 0.000000
vt -1.200000 -0.078540 0.000000
vt -0.300000 -0.157080 0.000000
vt -1.200000 -0.157080 0.000000
vt -0.300000 -0.235619 0.000000
vt -1.200000 -0.235619 0.000000
vt -5.700000 0.157080 0.000000
vt -4.220000 0.157080 0.000000
vt -5.700000 0.235619 0.000000
vt -2.740000 0.157080 0.000000
vt -1.260000 0.157080 0.000000
vt -1.260000 0.078540 0.000000
vt 0.220000 0.078540 0.000000
vt 0.220000 0.000000 0.000000
vt 1.700000 0.000000 0.000000
vt 1.700000 -0.078540 0.000000
vt 0.220000 -0.078540 0.000000
vt 1.700000 -0.157080 0.000000
vt 0.220000 -0.157080 0.000000
vt 1.700000 -0.235619 0.000000
vt -1.260000 -0.157080 0.000000
vt -2.740000 -0.157080 0.000000
vt -2.740000 -0.078540 0.000000
vt -4.220000 -0.078540 0.000000
vt -4.220000 0.000000 0.000000
vt -5.700000 0.000000 0.000000
vt -5.700000 0.078540 0.000000
vt -4.220000 0.078540 0.000000
vt -5.700000 -0.078540 0.000000
vt -4.220000 -0.157080 0.000000
vt -5.700000 -0.235619 0.000000
vt -5.700000 -0.157080 0.000000
vt 1.700000 0.078540 0.000000
vt 0.220000 0.157080 0.000000
vt 1.700000 0.235619 0.000000
vt 1.700000 0.157080 0.000000
vt -2.740000 0.078540 0.000000
vt -2.740000 0.000000 0.000000
vt -1.260000 0.000000 0.000000
vt -1.260000 -0.078540 0.000000
vt -0.300000 0.235619 0.000000
vt -1.200000 0.235619 0.000000
vt -0.300000 0.157080 0.000000
vt -1.200000 0.157080 0.000000
vt -0.300000 0.078540 0.000000
vt -1.200000 0.078540 0.000000
vt -0.300000 0.000000 0.000000
vt -1.200000 0.000000 0.000000
vt -0.300000 -0.078540 0.000000
vt -1.200000 -0.078540 0.000000
vt -0.300000 -0.157080 0.000000
vt -1.200000 -0.157080 0.000000
vt -0.300000 -0.235619 0.000000
vt -1.200000 -0.235619 0.000000
vt -4.950000 0.157080 0.000000
vt -3.350000 0.157080 0.000000
vt -4.950000 0.235619 0.000000
vt -1.750000 0.157080 0.000000
vt 1.450000 0.235619 0.000000
vt -0.150000 0.157080 0.000000
vt 1.450000 0.157080 0.000000
vt 1.450000 0.078540 0.000000
vt -0.150000 0.078540 0.000000
vt 1.450000 0.000000 0.000000
vt -0.150000 0.000000 0.000000
vt 1.450000 -0.078540 0.000000
vt -0.150000 -0.078540 0.000000
vt 1.450000 -0.157080 0.000000
vt -0.150000 -0.157080 0.000000
vt 1.450000 -0.235619 0.000000
vt -1.750000 -0.157080 0.000000
vt -4.950000 -0.235619 0.000000
vt -3.350000 -0.157080 0.000000
vt -4.950000 -0.157080 0.000000
vt -4.950000 -0.078540 0.000000
vt -3.350000 -0.078540 0.000000
vt -4.950000 0.000000 0.000000
vt -3.350000 0.000000 0.000000
vt -4.950000 0.078540 0.000000
vt -3.350000 0.078540 0.000000
vt -1.750000 0.078540 0.000000
vt -1.750000 0.000000 0.000000
vt -1.750000 -0.078540 0.000000
vt 1.271499 0.699423 0.000000
vt 7.700000 0.300000 0.000000
vt 1.277147 0.750000 0.000000
vt 7.700000 1.200000 0.000000
vt 1.271499 0.800577 0.000000
vt 1.256113 0.848689 0.000000
vt 1.230270 0.892948 0.000000
vt 1.197023 0.930685 0.000000
vt 1.155720 0.961331 0.000000
vt 1.110547 0.983356 0.000000
vt 1.060787 0.996283 0.000000
vt 0.300000 1.200000 0.000000
vt 1.010472 1.000364 0.000000
vt 0.959636 0.994784 0.000000
vt 0.910582 0.980978 0.000000
vt 0.865196 0.958463 0.000000
vt 0.823637 0.928312 0.000000
vt 0.789401 0.891430 0.000000
vt 0.762055 0.847977 0.000000
vt 0.745357 0.800468 0.000000
vt 0.739116 0.750000 0.000000
vt 0.300000 0.300000 0.000000
vt 0.745357 0.699532 0.000000
vt 0.762055 0.652023 0.000000
vt 0.789401 0.608570 0.000000
vt 0.823637 0.571688 0.000000
vt 0.865196 0.541537 0.000000
vt 0.910582 0.519022 0.000000
vt 0.959636 0.505216 0.000000
vt 1.010472 0.499636 0.000000
vt 1.060787 0.503717 0.000000
vt 1.110547 0.516644 0.000000
vt 1.155720 0.538669 0.000000
vt 1.197023 0.569315 0.000000
vt 1.230270 0.607052 0.000000
vt 1.256113 0.651311 0.000000
vt 0.300000 0.300000 0.000000
vt 7.700000 0.300000 0.000000
vt 0.300000 1.200000 0.000000
vt 7.700000 1.200000 0.000000
vt -3.700000 -3.200000 0.000000
vt 3.700000 -3.200000 0.000000
vt -3.700000 3.200000 0.000000
vt 3.700000 3.200000 0.000000
vt 6.700000 1.200000 0.000000
vt 0.300000 1.200000 0.000000
vt 6.700000 0.300000 0.000000
vt 0.300000 0.300000 0.000000
vt 3.200000 3.700000 0.000000
vt -3.200000 3.700000 0.000000
vt 3.200000 -3.700000 0.000000
vt -3.200000 -3.700000 0.000000
vt 5.702276 0.800292 0.000000
vt 0.300000 1.200000 0.000000
vt 5.696717 0.750000 0.000000
vt 0.300000 0.300000 0.000000
vt 5.702276 0.699708 0.000000
vt 5.717431 0.651774 0.000000
vt 5.742883 0.607686 0.000000
vt 5.775746 0.569896 0.000000
vt 5.816555 0.539200 0.000000
vt 5.861396 0.516962 0.000000
vt 5.910734 0.503870 0.000000
vt 6.700000 0.300000 0.000000
vt 5.960808 0.499625 0.000000
vt 6.011315 0.505120 0.000000
vt 6.060057 0.518938 0.000000
vt 6.105089 0.541570 0.000000
vt 6.146121 0.571841 0.000000
vt 6.179823 0.608920 0.000000
vt 6.206528 0.652355 0.000000
vt 6.222756 0.699795 0.000000
vt 6.228799 0.750000 0.000000
vt 6.700000 1.200000 0.000000
vt 6.222756 0.800205 0.000000
vt 6.206528 0.847645 0.000000
vt 6.179823 0.891080 0.000000
vt 6.146121 0.928159 0.000000
vt 6.105089 0.958430 0.000000
vt 6.060057 0.981062 0.000000
vt 6.011315 0.994880 0.000000
vt 5.960808 1.000375 0.000000
vt 5.910734 0.996130 0.000000
vt 5.861396 0.983038 0.000000
vt 5.816555 0.960800 0.000000
vt 5.775746 0.930104 0.000000
vt 5.742883 0.892314 0.000000
vt 5.717431 0.848226 0.000000
vn -0.239630 -0.201073 -0.949814
vn -0.243379 0.000000 -0.969931
vn -0.221457 0.000000 -0.975170
vn -0.239630 0.201073 -0.949814
vn -0.213911 0.258819 -0.941942
vn -0.228205 0.392289 -0.891085
vn -0.191787 0.500000 -0.844522
vn -0.208982 0.568984 -0.795351
vn -0.156593 0.707107 -0.689549
vn -0.182254 0.719317 -0.670348
vn -0.147103 0.842806 -0.517724
vn -0.110728 0.866025 -0.487585
vn -0.104745 0.930729 -0.350389
vn -0.057317 0.965926 -0.252393
vn -0.053680 0.984106 -0.169274
vn -0.000000 1.000000 -0.000000
vn 0.004060 0.999920 0.012011
vn 0.069205 0.979113 0.191176
vn 0.057317 0.965926 0.252393
vn 0.139590 0.922776 0.359164
vn 0.110728 0.866025 0.487585
vn 0.212764 0.833323 0.510200
vn 0.156593 0.707107 0.689549
vn 0.286601 0.711533 0.641546
vn 0.353996 0.564021 0.746034
vn 0.191787 0.500000 0.844522
vn 0.411202 0.389978 0.823912
vn 0.213911 0.258819 0.941942
vn 0.448744 0.200720 0.870827
vn 0.221457 0.000000 0.975170
vn 0.462484 0.000000 0.886628
vn 0.448744 -0.200720 0.870827
vn 0.411202 -0.389978 0.823912
vn 0.213911 -0.258819 0.941942
vn -0.034172 -0.000000 0.999416
vn -0.033008 -0.258819 0.965362
vn -0.287548 -0.000000 0.957766
vn -0.277750 -0.258819 0.925131
vn -0.521964 -0.000000 0.852967
vn -0.504179 -0.258819 0.823903
vn -0.721966 -0.000000 0.691929
vn -0.697365 -0.258819 0.668352
vn -0.874365 -0.000000 0.485269
vn -0.844572 -0.258819 0.468734
vn -0.969114 -0.000000 0.246613
vn -0.936092 -0.258819 0.238210
vn -0.999966 -0.000000 -0.008303
vn -0.965893 -0.258819 -0.008020
vn -0.964885 -0.000000 -0.262671
vn -0.931969 -0.258819 -0.253864
vn -0.866187 -0.000000 -0.499721
vn -0.851077 -0.201769 -0.484724
vn -0.835545 -0.500000 -0.227737
vn -0.806106 -0.391309 -0.443925
vn -0.682191 -0.707107 -0.186052
vn -0.731067 -0.565406 -0.381911
vn -0.630200 -0.712159 -0.309317
vn -0.502547 -0.833450 -0.229800
vn -0.482362 -0.866025 -0.131633
vn -0.355312 -0.922440 -0.151187
vn -0.249678 -0.965926 -0.068176
vn -0.190747 -0.978732 -0.075495
vn 0.000000 -1.000000 0.000000
vn -0.014314 -0.999884 -0.005283
vn 0.164598 -0.984716 0.056945
vn 0.249657 -0.965926 0.068253
vn 0.344565 -0.932027 0.112255
vn 0.482281 -0.866025 0.131929
vn 0.510997 -0.844917 0.158106
vn 0.682019 -0.707107 0.186681
vn 0.663819 -0.721655 0.196363
vn 0.789022 -0.571514 0.225424
vn 0.835264 -0.500000 0.228765
vn 0.885400 -0.394142 0.246414
vn 0.931577 -0.258819 0.255298
vn 0.944507 -0.202214 0.258876
vn 0.964803 -0.000000 0.262975
vn 0.965893 -0.258819 0.008020
vn 0.999966 -0.000000 0.008303
vn 0.969114 0.000000 -0.246613
vn 0.936092 0.258819 -0.238210
vn 0.844572 0.258819 -0.468734
vn 0.757222 0.500000 -0.420255
vn 0.625241 0.500000 -0.599228
vn 0.510507 0.707107 -0.489268
vn 0.369085 0.707107 -0.603139
vn 0.260982 0.866025 -0.426484
vn 0.143774 0.866025 -0.478883
vn 0.074423 0.965926 -0.247888
vn 0.008844 0.965926 -0.258668
vn 0.000000 1.000000 -0.000000
vn 0.353996 -0.564021 0.746034
vn 0.191787 -0.500000 0.844522
vn -0.029594 -0.500000 0.865520
vn -0.249024 -0.500000 0.829450
vn -0.452034 -0.500000 0.738691
vn -0.625241 -0.500000 0.599228
vn -0.757222 -0.500000 0.420255
vn -0.839277 -0.500000 0.213573
vn -0.865996 -0.500000 -0.007190
vn 0.286601 -0.711533 0.641546
vn 0.156593 -0.707107 0.689549
vn -0.024163 -0.707107 0.706694
vn -0.203327 -0.707107 0.677243
vn -0.369085 -0.707107 0.603139
vn -0.510507 -0.707107 0.489268
vn -0.618269 -0.707107 0.343137
vn -0.685267 -0.707107 0.174382
vn -0.707082 -0.707107 -0.005871
vn 0.212764 -0.833323 0.510200
vn 0.110728 -0.866025 0.487585
vn -0.017086 -0.866025 0.499708
vn -0.143774 -0.866025 0.478883
vn -0.260982 -0.866025 0.426484
vn -0.360983 -0.866025 0.345964
vn -0.437183 -0.866025 0.242634
vn -0.484557 -0.866025 0.123307
vn -0.499983 -0.866025 -0.004151
vn 0.139590 -0.922776 0.359164
vn 0.057317 -0.965926 0.252393
vn -0.008844 -0.965926 0.258668
vn -0.074423 -0.965926 0.247888
vn -0.135094 -0.965926 0.220764
vn -0.186858 -0.965926 0.179084
vn -0.226302 -0.965926 0.125597
vn -0.250825 -0.965926 0.063828
vn -0.258810 -0.965926 -0.002149
vn 0.069205 -0.979113 0.191176
vn -0.000000 -1.000000 -0.000000
vn 0.000000 -1.000000 -0.000000
vn 0.000000 -1.000000 -0.000000
vn 0.000000 -1.000000 -0.000000
vn 0.000000 -1.000000 -0.000000
vn 0.000000 -1.000000 -0.000000
vn 0.000000 -1.000000 -0.000000
vn 0.000000 -1.000000 0.000000
vn 0.004060 -0.999920 0.012011
vn -0.053680 -0.984106 -0.169274
vn -0.057317 -0.965926 -0.252393
vn -0.104745 -0.930729 -0.350389
vn -0.110728 -0.866025 -0.487585
vn -0.147103 -0.842806 -0.517724
vn -0.156593 -0.707107 -0.689549
vn -0.182254 -0.719317 -0.670348
vn -0.208982 -0.568984 -0.795351
vn -0.191787 -0.500000 -0.844522
vn -0.228205 -0.392289 -0.891085
vn -0.213911 -0.258819 -0.941942
vn -0.931969 0.258819 -0.253864
vn -0.851077 0.201769 -0.484724
vn -0.806106 0.391309 -0.443925
vn -0.835545 0.500000 -0.227737
vn -0.731067 0.565406 -0.381911
vn -0.682191 0.707107 -0.186052
vn -0.630200 0.712159 -0.309317
vn -0.502547 0.833450 -0.229800
vn -0.482362 0.866025 -0.131633
vn -0.355312 0.922440 -0.151187
vn -0.249678 0.965926 -0.068176
vn -0.190747 0.978732 -0.075495
vn 0.000000 1.000000 0.000000
vn -0.014314 0.999884 -0.005283
vn 0.164598 0.984716 0.056945
vn 0.249657 0.965926 0.068253
vn 0.344565 0.932027 0.112255
vn 0.482281 0.866025 0.131929
vn 0.510997 0.844917 0.158106
vn 0.682019 0.707107 0.186681
vn 0.663819 0.721655 0.196363
vn 0.789022 0.571514 0.225424
vn 0.835264 0.500000 0.228765
vn 0.885400 0.394142 0.246414
vn 0.931577 0.258819 0.255298
vn 0.944507 0.202214 0.258876
vn -0.033008 0.258819 0.965362
vn -0.277750 0.258819 0.925131
vn -0.249024 0.500000 0.829450
vn -0.452034 0.500000 0.738691
vn -0.369085 0.707107 0.603139
vn -0.510507 0.707107 0.489268
vn -0.360983 0.866025 0.345964
vn -0.437183 0.866025 0.242634
vn -0.226302 0.965926 0.125597
vn -0.250825 0.965926 0.063828
vn 0.000000 1.000000 -0.000000
vn 0.000000 1.000000 0.000000
vn 0.258810 0.965926 0.002149
vn -0.504179 0.258819 0.823903
vn -0.625241 0.500000 0.599228
vn -0.618269 0.707107 0.343137
vn -0.484557 0.866025 0.123307
vn -0.258810 0.965926 -0.002149
vn -0.697365 0.258819 0.668352
vn -0.757222 0.500000 0.420255
vn -0.685267 0.707107 0.174382
vn -0.499983 0.866025 -0.004151
vn -0.844572 0.258819 0.468734
vn -0.839277 0.500000 0.213573
vn -0.707082 0.707107 -0.005871
vn -0.936092 0.258819 0.238210
vn -0.865996 0.500000 -0.007190
vn -0.965893 0.258819 -0.008020
vn -0.029594 0.500000 0.865520
vn -0.024163 0.707107 0.706694
vn -0.203327 0.707107 0.677243
vn -0.017086 0.866025 0.499708
vn -0.143774 0.866025 0.478883
vn -0.260982 0.866025 0.426484
vn -0.008844 0.965926 0.258668
vn -0.074423 0.965926 0.247888
vn -0.135094 0.965926 0.220764
vn -0.186858 0.965926 0.179084
vn 0.017086 0.866025 -0.499708
vn 0.024163 0.707107 -0.706694
vn 0.029594 0.500000 -0.865520
vn 0.033008 0.258819 -0.965362
vn 0.034172 0.000000 -0.999416
vn 0.033008 -0.258819 -0.965362
vn 0.029594 -0.500000 -0.865520
vn 0.024163 -0.707107 -0.706694
vn 0.017086 -0.866025 -0.499708
vn 0.008844 -0.965926 -0.258668
vn 0.258810 -0.965926 0.002149
vn 0.250825 -0.965926 -0.063828
vn 0.226302 -0.965926 -0.125597
vn 0.186858 -0.965926 -0.179084
vn 0.135094 -0.965926 -0.220764
vn 0.074423 -0.965926 -0.247888
vn 0.499983 -0.866025 0.004151
vn 0.484557 -0.866025 -0.123307
vn 0.437183 -0.866025 -0.242634
vn 0.360983 -0.866025 -0.345964
vn 0.260982 -0.866025 -0.426484
vn 0.143774 -0.866025 -0.478883
vn 0.707082 -0.707107 0.005871
vn 0.685267 -0.707107 -0.174382
vn 0.618269 -0.707107 -0.343137
vn 0.510507 -0.707107 -0.489268
vn 0.369085 -0.707107 -0.603139
vn 0.203327 -0.707107 -0.677243
vn 0.865996 -0.500000 0.007190
vn 0.839277 -0.500000 -0.213573
vn 0.757222 -0.500000 -0.420255
vn 0.625241 -0.500000 -0.599228
vn 0.452034 -0.500000 -0.738691
vn 0.249024 -0.500000 -0.829450
vn 0.936092 -0.258819 -0.238210
vn 0.844572 -0.258819 -0.468734
vn 0.697365 -0.258819 -0.668352
vn 0.504179 -0.258819 -0.823903
vn 0.277750 -0.258819 -0.925131
vn 0.965893 0.258819 0.008020
vn 0.865996 0.500000 0.007190
vn 0.839277 0.500000 -0.213573
vn 0.707082 0.707107 0.005871
vn 0.685267 0.707107 -0.174382
vn 0.618269 0.707107 -0.343137
vn 0.499983 0.866025 0.004151
vn 0.484557 0.866025 -0.123307
vn 0.437183 0.866025 -0.242634
vn 0.360983 0.866025 -0.345964
vn 0.250825 0.965926 -0.063828
vn 0.000000 1.000000 -0.000000
vn 0.000000 1.000000 -0.000000
vn 0.135094 0.965926 -0.220764
vn 0.203327 0.707107 -0.677243
vn 0.249024 0.500000 -0.829450
vn 0.277750 0.258819 -0.925131
vn 0.287548 0.000000 -0.957766
vn 0.000000 1.000000 -0.000000
vn 0.000000 1.000000 -0.000000
vn 0.452034 0.500000 -0.738691
vn 0.504179 0.258819 -0.823903
vn 0.521964 0.000000 -0.852967
vn 0.186858 0.965926 -0.179084
vn 0.697365 0.258819 -0.668352
vn 0.721966 0.000000 -0.691929
vn 0.226302 0.965926 -0.125597
vn 0.874365 0.000000 -0.485269
vn 0.000000 0.965926 -0.258819
vn 0.000000 1.000000 -0.000000
vn 0.185744 0.970469 -0.153913
vn 0.258819 0.965926 -0.000000
vn 0.398536 0.890318 -0.220233
vn 0.500000 0.866025 -0.000000
vn 0.594936 0.762422 -0.254486
vn 0.707107 0.707107 -0.000000
vn 0.762422 0.594936 -0.254486
vn 0.866025 0.500000 0.000000
vn 0.890318 0.398536 -0.220233
vn 0.965926 0.258819 0.000000
vn 0.970469 0.185744 -0.153913
vn 1.000000 0.000000 0.000000
vn 0.965926 0.000000 -0.258819
vn 0.917502 0.084530 -0.388644
vn 0.866025 0.000000 -0.500000
vn 0.832423 0.310406 -0.459042
vn 0.717801 0.201121 -0.666568
vn 0.696665 0.518881 -0.495400
vn 0.583430 0.407464 -0.702554
vn 0.518881 0.696665 -0.495400
vn 0.407464 0.583430 -0.702554
vn 0.310406 0.832423 -0.459042
vn 0.201121 0.717801 -0.666568
vn 0.000000 0.866025 -0.500000
vn 0.000000 0.707107 -0.707107
vn 0.078131 0.554261 -0.828668
vn 0.000000 0.500000 -0.866025
vn 0.268280 0.430436 -0.861830
vn 0.110813 0.248108 -0.962374
vn 0.248108 0.110813 -0.962374
vn 0.000000 0.000000 -1.000000
vn 0.258819 0.000000 -0.965926
vn 0.500000 0.000000 -0.866025
vn 0.430436 0.268280 -0.861830
vn 0.554261 0.078131 -0.828668
vn 0.707107 0.000000 -0.707107
vn 0.000000 0.258819 -0.965926
vn 0.084530 0.917502 -0.388644
vn 0.000000 0.965926 0.258819
vn 0.110813 0.962374 0.248108
vn 0.000000 1.000000 0.000000
vn 0.248108 0.962374 0.110813
vn 0.258819 0.965926 0.000000
vn 0.500000 0.866025 0.000000
vn 0.430436 0.861830 0.268280
vn 0.554261 0.828668 0.078131
vn 0.583430 0.702554 0.407464
vn 0.717801 0.666568 0.201121
vn 0.696665 0.495400 0.518881
vn 0.832423 0.459042 0.310406
vn 0.762422 0.254486 0.594936
vn 0.890318 0.220233 0.398536
vn 0.866025 0.000000 0.500000
vn 0.965926 0.000000 0.258819
vn 0.000000 0.866025 0.500000
vn 0.268280 0.861830 0.430436
vn 0.078131 0.828668 0.554261
vn 0.000000 0.707107 0.707107
vn 0.201121 0.666568 0.717801
vn 0.000000 0.500000 0.866025
vn 0.310406 0.459042 0.832423
vn 0.084530 0.388644 0.917502
vn 0.185744 0.153913 0.970469
vn 0.000000 0.258819 0.965926
vn 0.000000 0.000000 1.000000
vn 0.258819 0.000000 0.965926
vn 0.398536 0.220233 0.890318
vn 0.518881 0.495400 0.696665
vn 0.407464 0.702554 0.583430
vn 0.500000 0.000000 0.866025
vn 0.594936 0.254486 0.762422
vn 0.707107 0.000000 0.707107
vn 0.970469 0.153913 0.185744
vn 1.000000 0.000000 0.000000
vn 0.965926 0.258819 0.000000
vn 0.917502 0.388644 0.084530
vn 0.866025 0.500000 0.000000
vn 0.707107 0.707107 0.000000
vn -0.000000 -0.258819 -0.965926
vn -0.000000 0.000000 -1.000000
vn 0.153913 -0.185744 -0.970469
vn 0.258819 0.000000 -0.965926
vn 0.388644 -0.084530 -0.917502
vn 0.500000 0.000000 -0.866025
vn 0.459042 -0.310406 -0.832423
vn 0.666568 -0.201121 -0.717801
vn 0.495400 -0.518881 -0.696665
vn 0.702554 -0.407464 -0.583430
vn 0.495400 -0.696665 -0.518881
vn 0.702554 -0.583430 -0.407464
vn 0.459042 -0.832423 -0.310406
vn 0.666568 -0.717801 -0.201121
vn 0.500000 -0.866025 0.000000
vn 0.707107 -0.707107 0.000000
vn 0.828668 -0.554261 -0.078131
vn 0.866025 -0.500000 0.000000
vn 0.861830 -0.430436 -0.268280
vn 0.962374 -0.248108 -0.110813
vn 0.962374 -0.110813 -0.248108
vn 1.000000 0.000000 0.000000
vn 0.965926 0.000000 -0.258819
vn 0.866025 0.000000 -0.500000
vn 0.861830 -0.268280 -0.430436
vn 0.828668 -0.078131 -0.554261
vn 0.707107 0.000000 -0.707107
vn 0.965926 -0.258819 0.000000
vn 0.388644 -0.917502 -0.084530
vn 0.258819 -0.965926 0.000000
vn 0.153913 -0.970469 -0.185744
vn 0.000000 -1.000000 0.000000
vn 0.000000 -0.965926 -0.258819
vn 0.220233 -0.890318 -0.398536
vn 0.000000 -0.866025 -0.500000
vn 0.254486 -0.762422 -0.594936
vn 0.000000 -0.707107 -0.707107
vn 0.254486 -0.594936 -0.762422
vn -0.000000 -0.500000 -0.866025
vn 0.220233 -0.398536 -0.890318
vn 0.000000 0.965926 -0.258819
vn -0.110813 0.962374 -0.248108
vn 0.000000 1.000000 0.000000
vn -0.248108 0.962374 -0.110813
vn -0.258819 0.965926 0.000000
vn -0.500000 0.866025 0.000000
vn -0.430436 0.861830 -0.268280
vn -0.554261 0.828668 -0.078131
vn -0.583430 0.702554 -0.407464
vn -0.717801 0.666568 -0.201121
vn -0.696665 0.495400 -0.518881
vn -0.832423 0.459042 -0.310406
vn -0.762422 0.254486 -0.594936
vn -0.890318 0.220233 -0.398536
vn -0.866025 0.000000 -0.500000
vn -0.965926 0.000000 -0.258819
vn 0.000000 0.866025 -0.500000
vn -0.268280 0.861830 -0.430436
vn -0.078131 0.828668 -0.554261
vn 0.000000 0.707107 -0.707107
vn -0.201121 0.666568 -0.717801
vn 0.000000 0.500000 -0.866025
vn -0.310406 0.459042 -0.832423
vn -0.084530 0.388644 -0.917502
vn -0.185744 0.153913 -0.970469
vn 0.000000 0.258819 -0.965926
vn 0.000000 0.000000 -1.000000
vn -0.258819 0.000000 -0.965926
vn -0.398536 0.220233 -0.890318
vn -0.518881 0.495400 -0.696665
vn -0.407464 0.702554 -0.583430
vn -0.500000 0.000000 -0.866025
vn -0.594936 0.254486 -0.762422
vn -0.707107 0.000000 -0.707107
vn -0.970469 0.153913 -0.185744
vn -1.000000 0.000000 0.000000
vn -0.965926 0.258819 0.000000
vn -0.917502 0.388644 -0.084530
vn -0.866025 0.500000 0.000000
vn -0.707107 0.707107 0.000000
vn 0.965926 0.000000 0.258819
vn 0.962374 -0.110813 0.248108
vn 1.000000 0.000000 -0.000000
vn 0.962374 -0.248108 0.110813
vn 0.965926 -0.258819 -0.000000
vn 0.866025 -0.500000 -0.000000
vn 0.861830 -0.430436 0.268280
vn 0.828668 -0.554261 0.078131
vn 0.702554 -0.583430 0.407464
vn 0.666568 -0.717801 0.201121
vn 0.495400 -0.696665 0.518881
vn 0.459042 -0.832423 0.310406
vn 0.254486 -0.762422 0.594936
vn 0.220233 -0.890318 0.398536
vn 0.000000 -0.866025 0.500000
vn 0.000000 -0.965926 0.258819
vn 0.866025 0.000000 0.500000
vn 0.861830 -0.268280 0.430436
vn 0.828668 -0.078131 0.554261
vn 0.707107 0.000000 0.707107
vn 0.666568 -0.201121 0.717801
vn 0.500000 0.000000 0.866025
vn 0.459042 -0.310406 0.832423
vn 0.388644 -0.084530 0.917502
vn 0.153913 -0.185744 0.970469
vn 0.258819 0.000000 0.965926
vn 0.000000 0.000000 1.000000
vn 0.000000 -0.258819 0.965926
vn 0.220233 -0.398536 0.890318
vn 0.495400 -0.518881 0.696665
vn 0.702554 -0.407464 0.583430
vn 0.000000 -0.500000 0.866025
vn 0.254486 -0.594936 0.762422
vn 0.000000 -0.707107 0.707107
vn 0.153913 -0.970469 0.185744
vn 0.000000 -1.000000 0.000000
vn 0.258819 -0.965926 0.000000
vn 0.388644 -0.917502 0.084530
vn 0.500000 -0.866025 0.000000
vn 0.707107 -0.707107 0.000000
vn 0.000000 0.965926 0.258819
vn 0.000000 1.000000 0.000000
vn -0.153913 0.970469 0.185744
vn -0.258819 0.965926 0.000000
vn -0.388644 0.917502 0.084530
vn -0.500000 0.866025 0.000000
vn -0.459042 0.832423 0.310406
vn -0.666568 0.717801 0.201121
vn -0.495400 0.696665 0.518881
vn -0.702554 0.583430 0.407464
vn -0.495400 0.518881 0.696665
vn -0.702554 0.407464 0.583430
vn -0.459042 0.310406 0.832423
vn -0.666568 0.201121 0.717801
vn -0.500000 0.000000 0.866025
vn -0.707107 0.000000 0.707107
vn -0.828668 0.078131 0.554261
vn -0.866025 0.000000 0.500000
vn -0.861830 0.268280 0.430436
vn -0.962374 0.110813 0.248108
vn -0.962374 0.248108 0.110813
vn -1.000000 0.000000 0.000000
vn -0.965926 0.258819 0.000000
vn -0.866025 0.500000 0.000000
vn -0.861830 0.430436 0.268280
vn -0.828668 0.554261 0.078131
vn -0.707107 0.707107 0.000000
vn -0.965926 0.000000 0.258819
vn -0.388644 0.084530 0.917502
vn -0.258819 0.000000 0.965926
vn -0.153913 0.185744 0.970469
vn 0.000000 0.000000 1.000000
vn 0.000000 0.258819 0.965926
vn -0.220233 0.398536 0.890318
vn 0.000000 0.500000 0.866025
vn -0.254486 0.594936 0.762422
vn 0.000000 0.707107 0.707107
vn -0.254486 0.762422 0.594936
vn 0.000000 0.866025 0.500000
vn -0.220233 0.890318 0.398536
vn -0.965926 -0.258819 0.000000
vn -1.000000 0.000000 0.000000
vn -0.970469 -0.153913 -0.185744
vn -0.965926 0.000000 -0.258819
vn -0.890318 -0.220233 -0.398536
vn -0.866025 0.000000 -0.500000
vn -0.762422 -0.254486 -0.594936
vn -0.707107 0.000000 -0.707107
vn -0.594936 -0.254486 -0.762422
vn -0.500000 0.000000 -0.866025
vn -0.398536 -0.220233 -0.890318
vn -0.258819 0.000000 -0.965926
vn -0.185744 -0.153913 -0.970469
vn 0.000000 0.000000 -1.000000
vn 0.000000 -0.258819 -0.965926
vn -0.084530 -0.388644 -0.917502
vn 0.000000 -0.500000 -0.866025
vn -0.310406 -0.459042 -0.832423
vn -0.201121 -0.666568 -0.717801
vn -0.518881 -0.495400 -0.696665
vn -0.407464 -0.702554 -0.583430
vn -0.696665 -0.495400 -0.518881
vn -0.583430 -0.702554 -0.407464
vn -0.832423 -0.459042 -0.310406
vn -0.717801 -0.666568 -0.201121
vn -0.866025 -0.500000 0.000000
vn -0.707107 -0.707107 0.000000
vn -0.554261 -0.828668 -0.078131
vn -0.500000 -0.866025 0.000000
vn -0.430436 -0.861830 -0.268280
vn -0.248108 -0.962374 -0.110813
vn -0.110813 -0.962374 -0.248108
vn 0.000000 -1.000000 0.000000
vn 0.000000 -0.965926 -0.258819
vn 0.000000 -0.866025 -0.500000
vn -0.268280 -0.861830 -0.430436
vn -0.078131 -0.828668 -0.554261
vn 0.000000 -0.707107 -0.707107
vn -0.258819 -0.965926 0.000000
vn -0.917502 -0.388644 -0.084530
vn -0.000000 -0.258819 -0.965926
vn -0.000000 -0.258819 -0.965926
vn -0.000000 -0.258819 -0.965926
vn -0.000000 -0.500000 -0.866025
vn -0.000000 -0.500000 -0.866025
vn -0.000000 -0.707107 -0.707107
vn -0.000000 -0.866025 -0.500000
vn -0.000000 -0.965926 -0.258819
vn -0.000000 -0.965926 -0.258819
vn -0.000000 -0.965926 -0.258819
vn -0.000000 -0.866025 -0.500000
vn -0.000000 -0.866025 -0.500000
vn -0.000000 -0.707107 -0.707107
vn -0.000000 -0.500000 -0.866025
vn -0.000000 -0.965926 -0.258819
vn -0.000000 -0.258819 -0.965926
vn -0.000000 -0.500000 -0.866025
vn -0.000000 -0.707107 -0.707107
vn -0.000000 -0.707107 -0.707107
vn -0.000000 -0.866025 -0.500000
vn -0.965926 -0.258819 0.000000
vn -0.962374 -0.248108 0.110813
vn -1.000000 0.000000 0.000000
vn -0.962374 -0.110813 0.248108
vn -0.965926 0.000000 0.258819
vn -0.866025 0.000000 0.500000
vn -0.861830 -0.268280 0.430436
vn -0.828668 -0.078131 0.554261
vn -0.702554 -0.407464 0.583430
vn -0.666568 -0.201121 0.717801
vn -0.495400 -0.518881 0.696665
vn -0.459042 -0.310406 0.832423
vn -0.254486 -0.594936 0.762422
vn -0.220233 -0.398536 0.890318
vn 0.000000 -0.500000 0.866025
vn 0.000000 -0.258819 0.965926
vn -0.866025 -0.500000 0.000000
vn -0.861830 -0.430436 0.268280
vn -0.828668 -0.554261 0.078131
vn -0.707107 -0.707107 0.000000
vn -0.666568 -0.717801 0.201121
vn -0.500000 -0.866025 0.000000
vn -0.459042 -0.832423 0.310406
vn -0.388644 -0.917502 0.084530
vn -0.153913 -0.970469 0.185744
vn -0.258819 -0.965926 0.000000
vn 0.000000 -1.000000 0.000000
vn 0.000000 -0.965926 0.258819
vn -0.220233 -0.890318 0.398536
vn -0.495400 -0.696665 0.518881
vn -0.702554 -0.583430 0.407464
vn 0.000000 -0.866025 0.500000
vn -0.254486 -0.762422 0.594936
vn 0.000000 -0.707107 0.707107
vn -0.153913 -0.185744 0.970469
vn 0.000000 0.000000 1.000000
vn -0.258819 0.000000 0.965926
vn -0.388644 -0.084530 0.917502
vn -0.500000 0.000000 0.866025
vn -0.707107 0.000000 0.707107
vn -0.000000 -0.258819 0.965926
vn -0.000000 -0.258819 0.965926
vn -0.000000 -0.258819 0.965926
vn -0.000000 -0.500000 0.866025
vn -0.000000 -0.500000 0.866025
vn -0.000000 -0.707107 0.707107
vn -0.000000 -0.866025 0.500000
vn -0.000000 -0.965926 0.258819
vn -0.000000 -0.965926 0.258819
vn -0.000000 -0.965926 0.258819
vn -0.000000 -0.866025 0.500000
vn -0.000000 -0.866025 0.500000
vn -0.000000 -0.707107 0.707107
vn -0.000000 -0.500000 0.866025
vn -0.000000 -0.965926 0.258819
vn -0.000000 -0.258819 0.965926
vn -0.000000 -0.500000 0.866025
vn -0.000000 -0.707107 0.707107
vn -0.000000 -0.707107 0.707107
vn -0.000000 -0.866025 0.500000
vn -0.965926 -0.258819 -0.000000
vn -0.965926 -0.258819 -0.000000
vn -0.965926 -0.258819 -0.000000
vn -0.866025 -0.500000 -0.000000
vn -0.707107 -0.707107 -0.000000
vn -0.500000 -0.866025 -0.000000
vn -0.258819 -0.965926 -0.000000
vn -0.258819 -0.965926 -0.000000
vn -0.258819 -0.965926 -0.000000
vn -0.500000 -0.866025 -0.000000
vn -0.707107 -0.707107 -0.000000
vn -0.866025 -0.500000 -0.000000
vn -0.866025 -0.500000 -0.000000
vn -0.707107 -0.707107 -0.000000
vn -0.500000 -0.866025 -0.000000
vn -0.000000 0.258819 0.965926
vn -0.000000 0.258819 0.965926
vn -0.000000 0.258819 0.965926
vn -0.000000 0.500000 0.866025
vn -0.000000 0.500000 0.866025
vn -0.000000 0.707107 0.707107
vn -0.000000 0.866025 0.500000
vn -0.000000 0.965926 0.258819
vn -0.000000 0.965926 0.258819
vn -0.000000 0.965926 0.258819
vn -0.000000 0.866025 0.500000
vn -0.000000 0.866025 0.500000
vn -0.000000 0.707107 0.707107
vn -0.000000 0.500000 0.866025
vn -0.000000 0.965926 0.258819
vn -0.000000 0.258819 0.965926
vn -0.000000 0.500000 0.866025
vn -0.000000 0.707107 0.707107
vn -0.000000 0.707107 0.707107
vn -0.000000 0.866025 0.500000
vn -0.965926 0.258819 -0.000000
vn -0.965926 0.258819 -0.000000
vn -0.965926 0.258819 -0.000000
vn -0.866025 0.500000 -0.000000
vn -0.707107 0.707107 -0.000000
vn -0.500000 0.866025 -0.000000
vn -0.258819 0.965926 -0.000000
vn -0.258819 0.965926 -0.000000
vn -0.258819 0.965926 -0.000000
vn -0.500000 0.866025 -0.000000
vn -0.707107 0.707107 -0.000000
vn -0.866025 0.500000 -0.000000
vn -0.866025 0.500000 -0.000000
vn -0.707107 0.707107 -0.000000
vn -0.500000 0.866025 -0.000000
vn 0.965926 -0.258819 -0.000000
vn 0.965926 -0.258819 -0.000000
vn 0.965926 -0.258819 -0.000000
vn 0.866025 -0.500000 -0.000000
vn 0.707107 -0.707107 -0.000000
vn 0.500000 -0.866025 -0.000000
vn 0.258819 -0.965926 -0.000000
vn 0.258819 -0.965926 -0.000000
vn 0.258819 -0.965926 -0.000000
vn 0.500000 -0.866025 -0.000000
vn 0.707107 -0.707107 -0.000000
vn 0.866025 -0.500000 -0.000000
vn 0.866025 -0.500000 -0.000000
vn 0.707107 -0.707107 -0.000000
vn 0.500000 -0.866025 -0.000000
vn -0.000000 0.258819 -0.965926
vn -0.000000 0.258819 -0.965926
vn -0.000000 0.258819 -0.965926
vn -0.000000 0.500000 -0.866025
vn -0.000000 0.500000 -0.866025
vn -0.000000 0.707107 -0.707107
vn -0.000000 0.866025 -0.500000
vn -0.000000 0.965926 -0.258819
vn -0.000000 0.965926 -0.258819
vn -0.000000 0.965926 -0.258819
vn -0.000000 0.866025 -0.500000
vn -0.000000 0.866025 -0.500000
vn -0.000000 0.707107 -0.707107
vn -0.000000 0.500000 -0.866025
vn -0.000000 0.965926 -0.258819
vn -0.000000 0.258819 -0.965926
vn -0.000000 0.500000 -0.866025
vn -0.000000 0.707107 -0.707107
vn -0.000000 0.707107 -0.707107
vn -0.000000 0.866025 -0.500000
vn 0.965926 0.258819 0.000000
vn 0.965926 0.258819 0.000000
vn 0.965926 0.258819 0.000000
vn 0.866025 0.500000 0.000000
vn 0.707107 0.707107 0.000000
vn 0.500000 0.866025 0.000000
vn 0.258819 0.965926 0.000000
vn 0.258819 0.965926 0.000000
vn 0.258819 0.965926 0.000000
vn 0.500000 0.866025 0.000000
vn 0.707107 0.707107 0.000000
vn 0.866025 0.500000 0.000000
vn 0.866025 0.500000 0.000000
vn 0.707107 0.707107 0.000000
vn 0.500000 0.866025 0.000000
vn 0.000000 0.000000 -1.000000
vn 0.000000 0.000000 -1.000000
vn 0.000000 0.000000 -1.000000
vn 0.000000 0.000000 -1.000000
vn 0.000000 0.000000 -1.000000
vn 0.000000 0.000000 -1.000000
vn 0.000000 0.000000 -1.000000
vn 0.000000 0.000000 -1.000000
vn 0.000000 0.000000 -1.000000
vn 0.000000 0.000000 -1.000000
vn 0.000000 0.000000 -1.000000
vn 0.000000 0.000000 -1.000000
vn 0.000000 0.000000 -1.000000
vn 0.000000 0.000000 -1.000000
vn 0.000000 0.000000 -1.000000
vn 0.000000 0.000000 -1.000000
vn 0.000000 0.000000 -1.000000
vn 0.000000 0.000000 -1.000000
vn 0.000000 0.000000 -1.000000
vn 0.000000 0.000000 -1.000000
vn 0.000000 0.000000 -1.000000
vn 0.000000 0.000000 -1.000000
vn 0.000000 0.000000 -1.000000
vn 0.000000 0.000000 -1.000000
vn 0.000000 0.000000 -1.000000
vn 0.000000 0.000000 -1.000000
vn 0.000000 0.000000 -1.000000
vn 0.000000 0.000000 -1.000000
vn 0.000000 0.000000 -1.000000
vn 0.000000 0.000000 -1.000000
vn 0.000000 0.000000 -1.000000
vn 0.000000 0.000000 -1.000000
vn 1.000000 0.000000 0.000000
vn 1.000000 0.000000 0.000000
vn 1.000000 0.000000 0.000000
vn 1.000000 0.000000 0.000000
vn 1.000000 0.000000 0.000000
vn 1.000000 0.000000 0.000000
vn 1.000000 0.000000 0.000000
vn 1.000000 0.000000 0.000000
vn 1.000000 0.000000 0.000000
vn 1.000000 0.000000 0.000000
vn 1.000000 0.000000 0.000000
vn 1.000000 0.000000 0.000000
vn 1.000000 0.000000 0.000000
vn 1.000000 0.000000 0.000000
vn 1.000000 0.000000 0.000000
vn 1.000000 0.000000 0.000000
vn 1.000000 0.000000 0.000000
vn 1.000000 0.000000 0.000000
vn 1.000000 0.000000 0.000000
vn 1.000000 0.000000 0.000000
vn 1.000000 0.000000 0.000000
vn 1.000000 0.000000 0.000000
vn 1.000000 0.000000 0.000000
vn 1.000000 0.000000 0.000000
vn 1.000000 0.000000 0.000000
vn 1.000000 0.000000 0.000000
vn 1.000000 0.000000 0.000000
vn 1.000000 0.000000 0.000000
vn 1.000000 0.000000 0.000000
vn 1.000000 0.000000 0.000000
vn 1.000000 0.000000 0.000000
vn 1.000000 0.000000 0.000000
usemtl Steel_-_Satin
f 777/977/963 746/978/964 830/979/965
f 830/979/965 746/978/964 747/980/966
f 830/979/965 747/980/966 829/981/967
f 829/981/967 747/980/966 748/982/968
f 829/981/967 748/982/968 828/983/969
f 828/983/969 748/982/968 749/984/970
f 828/983/969 749/984/970 827/985/971
f 827/985/971 749/984/970 750/986/972
f 827/985/971 750/986/972 751/987/973
f 827/985/971 751/987/973 826/988/974
f 826/988/974 751/987/973 752/989/975
f 826/988/974 752/989/975 825/990/976
f 825/990/976 752/989/975 753/991/977
f 825/990/976 753/991/977 824/992/978
f 824/992/978 753/991/977 754/993/979
f 824/992/978 754/993/979 755/994/980
f 824/992/978 755/994/980 823/995/981
f 823/995/981 755/994/980 756/996/982
f 823/995/981 756/996/982 822/997/983
f 822/997/983 756/996/982 757/998/984
f 822/997/983 757/998/984 821/999/985
f 821/999/985 757/998/984 758/1000/986
f 821/999/985 758/1000/986 759/1001/987
f 821/999/985 759/1001/987 820/1002/988
f 820/1002/988 759/1001/987 760/1003/989
f 820/1002/988 760/1003/989 819/1004/990
f 819/1004/990 760/1003/989 761/1005/991
f 819/1004/990 761/1005/991 810/1006/992
f 810/1006/992 761/1005/991 762/1007/993
f 810/1008/992 762/1009/993 763/1010/994
f 763/1010/994 764/1011/995 810/1008/992
f 810/1008/992 764/1011/995 841/1012/996
f 810/1008/992 841/1012/996 811/1013/997
f 811/1013/997 841/1012/996 909/1014/998
f 811/1013/997 909/1014/998 812/1015/999
f 812/1015/999 909/1014/998 932/1016/1000
f 812/1015/999 932/1016/1000 813/1017/1001
f 813/1017/1001 932/1016/1000 955/1018/1002
f 813/1017/1001 955/1018/1002 814/1019/1003
f 814/1019/1003 955/1018/1002 978/1020/1004
f 814/1019/1003 978/1020/1004 815/1021/1005
f 815/1021/1005 978/1020/1004 1001/1022/1006
f 815/1021/1005 1001/1022/1006 816/1023/1007
f 816/1023/1007 1001/1022/1006 1024/1024/1008
f 816/1023/1007 1024/1024/1008 817/1025/1009
f 817/1025/1009 1024/1024/1008 842/1026/1010
f 817/1025/1009 842/1026/1010 818/1027/1011
f 818/1027/1011 842/1026/1010 886/1028/1012
f 818/1027/1011 886/1028/1012 794/1029/1013
f 794/1029/1013 886/1028/1012 793/1030/1014
f 793/1030/1014 886/1028/1012 885/1031/1015
f 793/1030/1014 885/1031/1015 792/1032/1016
f 792/1032/1016 885/1031/1015 884/1033/1017
f 792/1032/1016 884/1033/1017 791/1034/1018
f 791/1034/1018 884/1033/1017 790/1035/1019
f 790/1035/1019 884/1033/1017 789/1036/1020
f 789/1036/1020 884/1033/1017 883/1037/1021
f 789/1036/1020 883/1037/1021 788/1038/1022
f 788/1038/1022 883/1037/1021 882/1039/1023
f 788/1038/1022 882/1039/1023 787/1040/1024
f 787/1040/1024 882/1039/1023 881/1041/1025
f 787/1040/1024 881/1041/1025 786/1042/1026
f 786/1042/1026 881/1041/1025 785/1043/1027
f 785/1043/1027 881/1041/1025 880/1044/1028
f 785/1043/1027 880/1044/1028 784/1045/1029
f 784/1045/1029 880/1044/1028 879/1046/1030
f 784/1045/1029 879/1046/1030 783/1047/1031
f 783/1047/1031 879/1046/1030 878/1048/1032
f 783/1047/1031 878/1048/1032 782/1049/1033
f 782/1049/1033 878/1048/1032 781/1050/1034
f 781/1050/1034 878/1048/1032 877/1051/1035
f 781/1050/1034 877/1051/1035 780/1052/1036
f 780/1052/1036 877/1051/1035 876/1053/1037
f 780/1052/1036 876/1053/1037 779/1054/1038
f 779/1054/1038 876/1053/1037 778/1055/1039
f 778/1055/1039 876/1053/1037 852/1056/1040
f 778/1055/1039 852/1056/1040 853/1057/1041
f 853/1057/1041 852/1056/1040 1013/1058/1042
f 853/1057/1041 1013/1058/1042 1012/1059/1043
f 1012/1059/1043 1013/1058/1042 989/1060/1044
f 1012/1059/1043 989/1060/1044 988/1061/1045
f 988/1061/1045 989/1060/1044 965/1062/1046
f 988/1061/1045 965/1062/1046 964/1063/1047
f 964/1063/1047 965/1062/1046 941/1064/1048
f 964/1063/1047 941/1064/1048 940/1065/1049
f 940/1065/1049 941/1064/1048 917/1066/1050
f 940/1065/1049 917/1066/1050 916/1067/1051
f 916/1067/1051 917/1066/1050 893/1068/1052
f 916/1067/1051 893/1068/1052 892/1069/1053
f 892/1069/1053 893/1068/1052 824/992/978
f 892/1069/1053 824/992/978 823/995/981
f 764/1011/995 765/1070/1054 841/1012/996
f 841/1012/996 765/1070/1054 840/1071/1055
f 841/1012/996 840/1071/1055 909/1014/998
f 909/1014/998 840/1071/1055 908/1072/1056
f 909/1014/998 908/1072/1056 932/1016/1000
f 932/1016/1000 908/1072/1056 931/1073/1057
f 932/1016/1000 931/1073/1057 955/1018/1002
f 955/1018/1002 931/1073/1057 954/1074/1058
f 955/1018/1002 954/1074/1058 978/1020/1004
f 978/1020/1004 954/1074/1058 977/1075/1059
f 978/1020/1004 977/1075/1059 1001/1022/1006
f 1001/1022/1006 977/1075/1059 1000/1076/1060
f 1001/1022/1006 1000/1076/1060 1024/1024/1008
f 1024/1024/1008 1000/1076/1060 1023/1077/1061
f 1024/1024/1008 1023/1077/1061 842/1026/1010
f 842/1026/1010 1023/1077/1061 843/1078/1062
f 842/1026/1010 843/1078/1062 886/1028/1012
f 886/1028/1012 843/1078/1062 885/1031/1015
f 765/1070/1054 766/1079/1063 840/1071/1055
f 840/1071/1055 766/1079/1063 839/1080/1064
f 840/1071/1055 839/1080/1064 908/1072/1056
f 908/1072/1056 839/1080/1064 907/1081/1065
f 908/1072/1056 907/1081/1065 931/1073/1057
f 931/1073/1057 907/1081/1065 930/1082/1066
f 931/1073/1057 930/1082/1066 954/1074/1058
f 954/1074/1058 930/1082/1066 953/1083/1067
f 954/1074/1058 953/1083/1067 977/1075/1059
f 977/1075/1059 953/1083/1067 976/1084/1068
f 977/1075/1059 976/1084/1068 1000/1076/1060
f 1000/1076/1060 976/1084/1068 999/1085/1069
f 1000/1076/1060 999/1085/1069 1023/1077/1061
f 1023/1077/1061 999/1085/1069 1022/1086/1070
f 1023/1077/1061 1022/1086/1070 843/1078/1062
f 843/1078/1062 1022/1086/1070 844/1087/1071
f 843/1078/1062 844/1087/1071 885/1031/1015
f 885/1031/1015 844/1087/1071 884/1033/1017
f 766/1079/1063 767/1088/1072 839/1080/1064
f 839/1080/1064 767/1088/1072 838/1089/1073
f 839/1080/1064 838/1089/1073 907/1081/1065
f 907/1081/1065 838/1089/1073 906/1090/1074
f 907/1081/1065 906/1090/1074 930/1082/1066
f 930/1082/1066 906/1090/1074 929/1091/1075
f 930/1082/1066 929/1091/1075 953/1083/1067
f 953/1083/1067 929/1091/1075 952/1092/1076
f 953/1083/1067 952/1092/1076 976/1084/1068
f 976/1084/1068 952/1092/1076 975/1093/1077
f 976/1084/1068 975/1093/1077 999/1085/1069
f 999/1085/1069 975/1093/1077 998/1094/1078
f 999/1085/1069 998/1094/1078 1022/1086/1070
f 1022/1086/1070 998/1094/1078 1021/1095/1079
f 1022/1086/1070 1021/1095/1079 844/1087/1071
f 844/1087/1071 1021/1095/1079 845/1096/1080
f 844/1087/1071 845/1096/1080 884/1033/1017
f 884/1033/1017 845/1096/1080 883/1037/1021
f 767/1088/1072 768/1097/1081 838/1089/1073
f 838/1089/1073 768/1097/1081 837/1098/1082
f 838/1089/1073 837/1098/1082 906/1090/1074
f 906/1090/1074 837/1098/1082 905/1099/1083
f 906/1090/1074 905/1099/1083 929/1091/1075
f 929/1091/1075 905/1099/1083 928/1100/1084
f 929/1091/1075 928/1100/1084 952/1092/1076
f 952/1092/1076 928/1100/1084 951/1101/1085
f 952/1092/1076 951/1101/1085 975/1093/1077
f 975/1093/1077 951/1101/1085 974/1102/1086
f 975/1093/1077 974/1102/1086 998/1094/1078
f 998/1094/1078 974/1102/1086 997/1103/1087
f 998/1094/1078 997/1103/1087 1021/1095/1079
f 1021/1095/1079 997/1103/1087 1020/1104/1088
f 1021/1095/1079 1020/1104/1088 845/1096/1080
f 845/1096/1080 1020/1104/1088 846/1105/1089
f 845/1096/1080 846/1105/1089 883/1037/1021
f 883/1037/1021 846/1105/1089 882/1039/1023
f 768/1097/1081 769/1106/1090 837/1098/1082
f 837/1098/1082 769/1106/1090 836/1107/1091
f 837/1098/1082 836/1107/1091 905/1099/1083
f 905/1099/1083 836/1107/1091 904/1108/1092
f 905/1099/1083 904/1108/1092 928/1100/1084
f 928/1100/1084 904/1108/1092 927/1109/1093
f 928/1100/1084 927/1109/1093 951/1101/1085
f 951/1101/1085 927/1109/1093 950/1110/1094
f 951/1101/1085 950/1110/1094 974/1102/1086
f 974/1102/1086 950/1110/1094 973/1111/1095
f 974/1102/1086 973/1111/1095 997/1103/1087
f 997/1103/1087 973/1111/1095 996/1112/1096
f 997/1103/1087 996/1112/1096 1020/1104/1088
f 1020/1104/1088 996/1112/1096 1019/1113/1097
f 1020/1104/1088 1019/1113/1097 846/1105/1089
f 846/1105/1089 1019/1113/1097 847/1114/1098
f 846/1105/1089 847/1114/1098 882/1039/1023
f 882/1039/1023 847/1114/1098 881/1041/1025
f 769/1106/1090 770/1115/1099 836/1107/1091
f 836/1107/1091 770/1115/1099 771/1116/1100
f 836/1107/1091 771/1116/1100 835/1117/1101
f 835/1117/1101 771/1116/1100 772/1118/1102
f 835/1117/1101 772/1118/1102 834/1119/1103
f 834/1119/1103 772/1118/1102 773/1120/1104
f 834/1119/1103 773/1120/1104 833/1121/1105
f 833/1121/1105 773/1120/1104 774/1122/1106
f 833/1121/1105 774/1122/1106 775/1123/1107
f 833/1121/1105 775/1123/1107 832/1124/1108
f 832/1124/1108 775/1123/1107 776/1125/1109
f 832/1124/1108 776/1125/1109 831/1126/1110
f 831/1126/1110 776/1125/1109 777/977/963
f 831/1126/1110 777/977/963 830/979/965
f 818/1127/1011 794/1128/1013 865/1129/1111
f 865/1129/1111 794/1128/1013 795/1130/1112
f 865/1129/1111 795/1130/1112 796/1131/1113
f 865/1129/1111 796/1131/1113 866/1132/1114
f 866/1132/1114 796/1131/1113 797/1133/1115
f 866/1132/1114 797/1133/1115 867/1134/1116
f 867/1134/1116 797/1133/1115 798/1135/1117
f 867/1134/1116 798/1135/1117 799/1136/1118
f 867/1134/1116 799/1136/1118 868/1137/1119
f 868/1137/1119 799/1136/1118 800/1138/1120
f 868/1137/1119 800/1138/1120 869/1139/1121
f 869/1139/1121 800/1138/1120 801/1140/1122
f 869/1139/1121 801/1140/1122 870/1141/1123
f 870/1141/1123 801/1140/1122 802/1142/1124
f 870/1141/1123 802/1142/1124 803/1143/1125
f 870/1141/1123 803/1143/1125 871/1144/1126
f 871/1144/1126 803/1143/1125 804/1145/1127
f 871/1144/1126 804/1145/1127 872/1146/1128
f 872/1146/1128 804/1145/1127 805/1147/1129
f 872/1146/1128 805/1147/1129 873/1148/1130
f 873/1148/1130 805/1147/1129 806/1149/1131
f 873/1148/1130 806/1149/1131 807/1150/1132
f 873/1148/1130 807/1150/1132 874/1151/1133
f 874/1151/1133 807/1150/1132 808/1152/1134
f 874/1151/1133 808/1152/1134 875/1153/1135
f 875/1153/1135 808/1152/1134 809/1154/1136
f 875/1153/1135 809/1154/1136 778/1055/1039
f 810/1006/992 811/1155/997 887/1156/1137
f 887/1156/1137 811/1155/997 910/1157/1138
f 887/1156/1137 910/1157/1138 911/1158/1139
f 911/1158/1139 910/1157/1138 934/1159/1140
f 911/1158/1139 934/1159/1140 935/1160/1141
f 935/1160/1141 934/1159/1140 958/1161/1142
f 935/1160/1141 958/1161/1142 959/1162/1143
f 959/1162/1143 958/1161/1142 982/1163/1144
f 959/1162/1143 982/1163/1144 983/1164/1145
f 983/1164/1145 982/1163/1144 1006/1165/1146
f 983/1164/1145 1006/1165/1146 1007/1166/1147
f 1007/1166/1147 1006/1165/1146 859/1167/1148
f 1007/1166/1147 859/1167/1148 858/1168/1149
f 858/1168/1149 859/1167/1148 870/1141/1123
f 858/1168/1149 870/1141/1123 871/1144/1126
f 811/1155/997 812/1169/999 910/1157/1138
f 910/1157/1138 812/1169/999 933/1170/1150
f 910/1157/1138 933/1170/1150 934/1159/1140
f 934/1159/1140 933/1170/1150 957/1171/1151
f 934/1159/1140 957/1171/1151 958/1161/1142
f 958/1161/1142 957/1171/1151 981/1172/1152
f 958/1161/1142 981/1172/1152 982/1163/1144
f 982/1163/1144 981/1172/1152 1005/1173/1153
f 982/1163/1144 1005/1173/1153 1006/1165/1146
f 1006/1165/1146 1005/1173/1153 860/1174/1154
f 1006/1165/1146 860/1174/1154 859/1167/1148
f 859/1167/1148 860/1174/1154 869/1139/1121
f 859/1167/1148 869/1139/1121 870/1141/1123
f 812/1169/999 813/1175/1001 933/1170/1150
f 933/1170/1150 813/1175/1001 956/1176/1155
f 933/1170/1150 956/1176/1155 957/1171/1151
f 957/1171/1151 956/1176/1155 980/1177/1156
f 957/1171/1151 980/1177/1156 981/1172/1152
f 981/1172/1152 980/1177/1156 1004/1178/1157
f 981/1172/1152 1004/1178/1157 1005/1173/1153
f 1005/1173/1153 1004/1178/1157 861/1179/1158
f 1005/1173/1153 861/1179/1158 860/1174/1154
f 860/1174/1154 861/1179/1158 868/1137/1119
f 860/1174/1154 868/1137/1119 869/1139/1121
f 813/1175/1001 814/1180/1003 956/1176/1155
f 956/1176/1155 814/1180/1003 979/1181/1159
f 956/1176/1155 979/1181/1159 980/1177/1156
f 980/1177/1156 979/1181/1159 1003/1182/1160
f 980/1177/1156 1003/1182/1160 1004/1178/1157
f 1004/1178/1157 1003/1182/1160 862/1183/1161
f 1004/1178/1157 862/1183/1161 861/1179/1158
f 861/1179/1158 862/1183/1161 867/1134/1116
f 861/1179/1158 867/1134/1116 868/1137/1119
f 814/1180/1003 815/1184/1005 979/1181/1159
f 979/1181/1159 815/1184/1005 1002/1185/1162
f 979/1181/1159 1002/1185/1162 1003/1182/1160
f 1003/1182/1160 1002/1185/1162 863/1186/1163
f 1003/1182/1160 863/1186/1163 862/1183/1161
f 862/1183/1161 863/1186/1163 866/1132/1114
f 862/1183/1161 866/1132/1114 867/1134/1116
f 815/1184/1005 816/1187/1007 1002/1185/1162
f 1002/1185/1162 816/1187/1007 864/1188/1164
f 1002/1185/1162 864/1188/1164 863/1186/1163
f 863/1186/1163 864/1188/1164 865/1129/1111
f 863/1186/1163 865/1129/1111 866/1132/1114
f 816/1187/1007 817/1189/1009 864/1188/1164
f 864/1188/1164 817/1189/1009 818/1127/1011
f 864/1188/1164 818/1127/1011 865/1129/1111
f 819/1004/990 810/1006/992 887/1156/1137
f 820/1002/988 819/1004/990 888/1190/1165
f 888/1190/1165 819/1004/990 887/1156/1137
f 888/1190/1165 887/1156/1137 911/1158/1139
f 821/999/985 820/1002/988 889/1191/1166
f 889/1191/1166 820/1002/988 888/1190/1165
f 889/1191/1166 888/1190/1165 912/1192/1167
f 912/1192/1167 888/1190/1165 911/1158/1139
f 912/1192/1167 911/1158/1139 935/1160/1141
f 822/997/983 821/999/985 890/1193/1168
f 890/1193/1168 821/999/985 889/1191/1166
f 890/1193/1168 889/1191/1166 913/1194/1169
f 913/1194/1169 889/1191/1166 912/1192/1167
f 913/1194/1169 912/1192/1167 936/1195/1170
f 936/1195/1170 912/1192/1167 935/1160/1141
f 936/1195/1170 935/1160/1141 959/1162/1143
f 823/995/981 822/997/983 891/1196/1171
f 891/1196/1171 822/997/983 890/1193/1168
f 891/1196/1171 890/1193/1168 914/1197/1172
f 914/1197/1172 890/1193/1168 913/1194/1169
f 914/1197/1172 913/1194/1169 937/1198/1173
f 937/1198/1173 913/1194/1169 936/1195/1170
f 937/1198/1173 936/1195/1170 960/1199/1174
f 960/1199/1174 936/1195/1170 959/1162/1143
f 960/1199/1174 959/1162/1143 983/1164/1145
f 824/992/978 893/1068/1052 825/990/976
f 825/990/976 893/1068/1052 894/1200/1175
f 825/990/976 894/1200/1175 826/988/974
f 826/988/974 894/1200/1175 895/1201/1176
f 826/988/974 895/1201/1176 827/985/971
f 827/985/971 895/1201/1176 896/1202/1177
f 827/985/971 896/1202/1177 828/983/969
f 828/983/969 896/1202/1177 897/1203/1178
f 828/983/969 897/1203/1178 829/981/967
f 829/981/967 897/1203/1178 898/1204/1179
f 829/981/967 898/1204/1179 830/979/965
f 830/979/965 898/1204/1179 899/1205/1180
f 830/979/965 899/1205/1180 831/1126/1110
f 831/1126/1110 899/1205/1180 900/1206/1181
f 831/1126/1110 900/1206/1181 832/1124/1108
f 832/1124/1108 900/1206/1181 901/1207/1182
f 832/1124/1108 901/1207/1182 833/1121/1105
f 833/1121/1105 901/1207/1182 902/1208/1183
f 833/1121/1105 902/1208/1183 834/1119/1103
f 834/1119/1103 902/1208/1183 903/1209/1184
f 834/1119/1103 903/1209/1184 835/1117/1101
f 835/1117/1101 903/1209/1184 904/1108/1092
f 835/1117/1101 904/1108/1092 836/1107/1091
f 880/1044/1028 881/1041/1025 848/1210/1185
f 848/1210/1185 881/1041/1025 847/1114/1098
f 848/1210/1185 847/1114/1098 1018/1211/1186
f 1018/1211/1186 847/1114/1098 1019/1113/1097
f 1018/1211/1186 1019/1113/1097 995/1212/1187
f 995/1212/1187 1019/1113/1097 996/1112/1096
f 995/1212/1187 996/1112/1096 972/1213/1188
f 972/1213/1188 996/1112/1096 973/1111/1095
f 972/1213/1188 973/1111/1095 949/1214/1189
f 949/1214/1189 973/1111/1095 950/1110/1094
f 949/1214/1189 950/1110/1094 926/1215/1190
f 926/1215/1190 950/1110/1094 927/1109/1093
f 926/1215/1190 927/1109/1093 903/1209/1184
f 903/1209/1184 927/1109/1093 904/1108/1092
f 879/1046/1030 880/1044/1028 849/1216/1191
f 849/1216/1191 880/1044/1028 848/1210/1185
f 849/1216/1191 848/1210/1185 1017/1217/1192
f 1017/1217/1192 848/1210/1185 1018/1211/1186
f 1017/1217/1192 1018/1211/1186 994/1218/1193
f 994/1218/1193 1018/1211/1186 995/1212/1187
f 994/1218/1193 995/1212/1187 971/1219/1194
f 971/1219/1194 995/1212/1187 972/1213/1188
f 971/1219/1194 972/1213/1188 948/1220/1195
f 948/1220/1195 972/1213/1188 949/1214/1189
f 948/1220/1195 949/1214/1189 925/1221/1196
f 925/1221/1196 949/1214/1189 926/1215/1190
f 925/1221/1196 926/1215/1190 902/1208/1183
f 902/1208/1183 926/1215/1190 903/1209/1184
f 878/1048/1032 879/1046/1030 850/1222/1197
f 850/1222/1197 879/1046/1030 849/1216/1191
f 850/1222/1197 849/1216/1191 1016/1223/1198
f 1016/1223/1198 849/1216/1191 1017/1217/1192
f 1016/1223/1198 1017/1217/1192 993/1224/1199
f 993/1224/1199 1017/1217/1192 994/1218/1193
f 993/1224/1199 994/1218/1193 970/1225/1200
f 970/1225/1200 994/1218/1193 971/1219/1194
f 970/1225/1200 971/1219/1194 947/1226/1201
f 947/1226/1201 971/1219/1194 948/1220/1195
f 947/1226/1201 948/1220/1195 924/1227/1202
f 924/1227/1202 948/1220/1195 925/1221/1196
f 924/1227/1202 925/1221/1196 901/1207/1182
f 901/1207/1182 925/1221/1196 902/1208/1183
f 877/1051/1035 878/1048/1032 851/1228/1203
f 851/1228/1203 878/1048/1032 850/1222/1197
f 851/1228/1203 850/1222/1197 1015/1229/1204
f 1015/1229/1204 850/1222/1197 1016/1223/1198
f 1015/1229/1204 1016/1223/1198 992/1230/1205
f 992/1230/1205 1016/1223/1198 993/1224/1199
f 992/1230/1205 993/1224/1199 969/1231/1206
f 969/1231/1206 993/1224/1199 970/1225/1200
f 969/1231/1206 970/1225/1200 946/1232/1207
f 946/1232/1207 970/1225/1200 947/1226/1201
f 946/1232/1207 947/1226/1201 923/1233/1208
f 923/1233/1208 947/1226/1201 924/1227/1202
f 923/1233/1208 924/1227/1202 900/1206/1181
f 900/1206/1181 924/1227/1202 901/1207/1182
f 876/1053/1037 877/1051/1035 852/1056/1040
f 852/1056/1040 877/1051/1035 851/1228/1203
f 852/1056/1040 851/1228/1203 1014/1234/1209
f 1014/1234/1209 851/1228/1203 1015/1229/1204
f 1014/1234/1209 1015/1229/1204 991/1235/1210
f 991/1235/1210 1015/1229/1204 992/1230/1205
f 991/1235/1210 992/1230/1205 968/1236/1211
f 968/1236/1211 992/1230/1205 969/1231/1206
f 968/1236/1211 969/1231/1206 945/1237/1212
f 945/1237/1212 969/1231/1206 946/1232/1207
f 945/1237/1212 946/1232/1207 922/1238/1213
f 922/1238/1213 946/1232/1207 923/1233/1208
f 922/1238/1213 923/1233/1208 899/1205/1180
f 899/1205/1180 923/1233/1208 900/1206/1181
f 1013/1058/1042 852/1056/1040 1014/1234/1209
f 875/1153/1135 778/1055/1039 854/1239/1214
f 854/1239/1214 778/1055/1039 853/1057/1041
f 854/1239/1214 853/1057/1041 1012/1059/1043
f 873/1148/1130 874/1151/1133 855/1240/1215
f 855/1240/1215 874/1151/1133 854/1239/1214
f 855/1240/1215 854/1239/1214 1011/1241/1216
f 1011/1241/1216 854/1239/1214 1012/1059/1043
f 1011/1241/1216 1012/1059/1043 988/1061/1045
f 872/1146/1128 873/1148/1130 856/1242/1217
f 856/1242/1217 873/1148/1130 855/1240/1215
f 856/1242/1217 855/1240/1215 1010/1243/1218
f 1010/1243/1218 855/1240/1215 1011/1241/1216
f 1010/1243/1218 1011/1241/1216 987/1244/1219
f 987/1244/1219 1011/1241/1216 988/1061/1045
f 987/1244/1219 988/1061/1045 964/1063/1047
f 871/1144/1126 872/1146/1128 857/1245/1220
f 857/1245/1220 872/1146/1128 856/1242/1217
f 857/1245/1220 856/1242/1217 1009/1246/1221
f 1009/1246/1221 856/1242/1217 1010/1243/1218
f 1009/1246/1221 1010/1243/1218 986/1247/1222
f 986/1247/1222 1010/1243/1218 987/1244/1219
f 986/1247/1222 987/1244/1219 963/1248/1223
f 963/1248/1223 987/1244/1219 964/1063/1047
f 963/1248/1223 964/1063/1047 940/1065/1049
f 871/1144/1126 857/1245/1220 858/1168/1149
f 858/1168/1149 857/1245/1220 1008/1249/1224
f 858/1168/1149 1008/1249/1224 1007/1166/1147
f 1007/1166/1147 1008/1249/1224 984/1250/1225
f 1007/1166/1147 984/1250/1225 983/1164/1145
f 983/1164/1145 984/1250/1225 960/1199/1174
f 1008/1249/1224 857/1245/1220 1009/1246/1221
f 874/1151/1133 875/1153/1135 854/1239/1214
f 823/995/981 891/1196/1171 892/1069/1053
f 892/1069/1053 891/1196/1171 915/1251/1226
f 892/1069/1053 915/1251/1226 916/1067/1051
f 916/1067/1051 915/1251/1226 939/1252/1227
f 916/1067/1051 939/1252/1227 940/1065/1049
f 940/1065/1049 939/1252/1227 963/1248/1223
f 915/1251/1226 891/1196/1171 914/1197/1172
f 893/1068/1052 917/1066/1050 894/1200/1175
f 894/1200/1175 917/1066/1050 918/1253/1228
f 894/1200/1175 918/1253/1228 895/1201/1176
f 895/1201/1176 918/1253/1228 919/1254/1229
f 895/1201/1176 919/1254/1229 896/1202/1177
f 896/1202/1177 919/1254/1229 920/1255/1230
f 896/1202/1177 920/1255/1230 897/1203/1178
f 897/1203/1178 920/1255/1230 921/1256/1231
f 897/1203/1178 921/1256/1231 898/1204/1179
f 898/1204/1179 921/1256/1231 922/1238/1213
f 898/1204/1179 922/1238/1213 899/1205/1180
f 915/1251/1226 914/1197/1172 938/1257/1232
f 938/1257/1232 914/1197/1172 937/1198/1173
f 938/1257/1232 937/1198/1173 961/1258/1233
f 961/1258/1233 937/1198/1173 960/1199/1174
f 961/1258/1233 960/1199/1174 984/1250/1225
f 917/1066/1050 941/1064/1048 918/1253/1228
f 918/1253/1228 941/1064/1048 942/1259/1234
f 918/1253/1228 942/1259/1234 919/1254/1229
f 919/1254/1229 942/1259/1234 943/1260/1235
f 919/1254/1229 943/1260/1235 920/1255/1230
f 920/1255/1230 943/1260/1235 944/1261/1236
f 920/1255/1230 944/1261/1236 921/1256/1231
f 921/1256/1231 944/1261/1236 945/1237/1212
f 921/1256/1231 945/1237/1212 922/1238/1213
f 915/1251/1226 938/1257/1232 939/1252/1227
f 939/1252/1227 938/1257/1232 962/1262/1237
f 939/1252/1227 962/1262/1237 963/1248/1223
f 963/1248/1223 962/1262/1237 986/1247/1222
f 962/1262/1237 938/1257/1232 961/1258/1233
f 941/1064/1048 965/1062/1046 942/1259/1234
f 942/1259/1234 965/1062/1046 966/1263/1238
f 942/1259/1234 966/1263/1238 943/1260/1235
f 943/1260/1235 966/1263/1238 967/1264/1239
f 943/1260/1235 967/1264/1239 944/1261/1236
f 944/1261/1236 967/1264/1239 968/1236/1211
f 944/1261/1236 968/1236/1211 945/1237/1212
f 962/1262/1237 961/1258/1233 985/1265/1240
f 985/1265/1240 961/1258/1233 984/1250/1225
f 985/1265/1240 984/1250/1225 1008/1249/1224
f 965/1062/1046 989/1060/1044 966/1263/1238
f 966/1263/1238 989/1060/1044 990/1266/1241
f 966/1263/1238 990/1266/1241 967/1264/1239
f 967/1264/1239 990/1266/1241 991/1235/1210
f 967/1264/1239 991/1235/1210 968/1236/1211
f 1009/1246/1221 986/1247/1222 985/1265/1240
f 985/1265/1240 986/1247/1222 962/1262/1237
f 1009/1246/1221 985/1265/1240 1008/1249/1224
f 1014/1234/1209 991/1235/1210 990/1266/1241
f 1014/1234/1209 990/1266/1241 1013/1058/1042
f 1013/1058/1042 990/1266/1241 989/1060/1044
f 1042/1267/1242 1025/1268/1243 1043/1269/1244
f 1043/1269/1244 1025/1268/1243 1026/1270/1245
f 1043/1269/1244 1026/1270/1245 1045/1271/1246
f 1045/1271/1246 1026/1270/1245 1027/1272/1247
f 1045/1271/1246 1027/1272/1247 1049/1273/1248
f 1049/1273/1248 1027/1272/1247 1028/1274/1249
f 1049/1273/1248 1028/1274/1249 1054/1275/1250
f 1054/1275/1250 1028/1274/1249 1029/1276/1251
f 1054/1275/1250 1029/1276/1251 1059/1277/1252
f 1059/1277/1252 1029/1276/1251 1030/1278/1253
f 1059/1277/1252 1030/1278/1253 1063/1279/1254
f 1063/1279/1254 1030/1278/1253 1031/1280/1255
f 1063/1279/1254 1031/1280/1255 1032/1281/1256
f 1063/1279/1254 1032/1281/1256 1064/1282/1257
f 1064/1282/1257 1032/1281/1256 1033/1283/1258
f 1064/1282/1257 1033/1283/1258 1060/1284/1259
f 1060/1284/1259 1033/1283/1258 1061/1285/1260
f 1060/1284/1259 1061/1285/1260 1055/1286/1261
f 1055/1286/1261 1061/1285/1260 1056/1287/1262
f 1055/1286/1261 1056/1287/1262 1050/1288/1263
f 1050/1288/1263 1056/1287/1262 1051/1289/1264
f 1050/1288/1263 1051/1289/1264 1046/1290/1265
f 1046/1290/1265 1051/1289/1264 1047/1291/1266
f 1046/1290/1265 1047/1291/1266 1041/1292/1267
f 1041/1292/1267 1047/1291/1266 1040/1293/1268
f 1040/1293/1268 1047/1291/1266 1048/1294/1269
f 1040/1293/1268 1048/1294/1269 1039/1295/1270
f 1039/1295/1270 1048/1294/1269 1052/1296/1271
f 1039/1295/1270 1052/1296/1271 1053/1297/1272
f 1053/1297/1272 1052/1296/1271 1058/1298/1273
f 1053/1297/1272 1058/1298/1273 1037/1299/1274
f 1037/1299/1274 1058/1298/1273 1036/1300/1275
f 1036/1300/1275 1058/1298/1273 1035/1301/1276
f 1035/1301/1276 1058/1298/1273 1057/1302/1277
f 1035/1301/1276 1057/1302/1277 1062/1303/1278
f 1062/1303/1278 1057/1302/1277 1056/1287/1262
f 1062/1303/1278 1056/1287/1262 1061/1285/1260
f 1033/1283/1258 1034/1304/1279 1061/1285/1260
f 1061/1285/1260 1034/1304/1279 1062/1303/1278
f 1034/1304/1279 1035/1301/1276 1062/1303/1278
f 1037/1299/1274 1038/1305/1280 1053/1297/1272
f 1053/1297/1272 1038/1305/1280 1039/1295/1270
f 1046/1290/1265 1041/1292/1267 1044/1306/1281
f 1044/1306/1281 1041/1292/1267 1042/1267/1242
f 1044/1306/1281 1042/1267/1242 1043/1269/1244
f 1046/1290/1265 1044/1306/1281 1043/1269/1244
f 1050/1288/1263 1046/1290/1265 1045/1271/1246
f 1045/1271/1246 1046/1290/1265 1043/1269/1244
f 1052/1296/1271 1048/1294/1269 1047/1291/1266
f 1052/1296/1271 1047/1291/1266 1051/1289/1264
f 1055/1286/1261 1050/1288/1263 1049/1273/1248
f 1049/1273/1248 1050/1288/1263 1045/1271/1246
f 1056/1287/1262 1057/1302/1277 1051/1289/1264
f 1051/1289/1264 1057/1302/1277 1052/1296/1271
f 1057/1302/1277 1058/1298/1273 1052/1296/1271
f 1060/1284/1259 1055/1286/1261 1054/1275/1250
f 1054/1275/1250 1055/1286/1261 1049/1273/1248
f 1064/1282/1257 1060/1284/1259 1059/1277/1252
f 1059/1277/1252 1060/1284/1259 1054/1275/1250
f 1063/1279/1254 1064/1282/1257 1059/1277/1252
f 1066/1307/1282 1089/1308/1283 1065/1309/1284
f 1065/1309/1284 1089/1308/1283 1088/1310/1285
f 1065/1309/1284 1088/1310/1285 1082/1311/1286
f 1082/1311/1286 1088/1310/1285 1081/1312/1287
f 1081/1312/1287 1088/1310/1285 1087/1313/1288
f 1081/1312/1287 1087/1313/1288 1102/1314/1289
f 1102/1314/1289 1087/1313/1288 1086/1315/1290
f 1102/1314/1289 1086/1315/1290 1101/1316/1291
f 1101/1316/1291 1086/1315/1290 1085/1317/1292
f 1101/1316/1291 1085/1317/1292 1100/1318/1293
f 1100/1318/1293 1085/1317/1292 1084/1319/1294
f 1100/1318/1293 1084/1319/1294 1099/1320/1295
f 1099/1320/1295 1084/1319/1294 1075/1321/1296
f 1099/1320/1295 1075/1321/1296 1076/1322/1297
f 1066/1307/1282 1067/1323/1298 1089/1308/1283
f 1089/1308/1283 1067/1323/1298 1090/1324/1299
f 1089/1308/1283 1090/1324/1299 1088/1310/1285
f 1088/1310/1285 1090/1324/1299 1087/1313/1288
f 1090/1324/1299 1067/1323/1298 1094/1325/1300
f 1094/1325/1300 1067/1323/1298 1068/1326/1301
f 1094/1325/1300 1068/1326/1301 1095/1327/1302
f 1095/1327/1302 1068/1326/1301 1069/1328/1303
f 1095/1327/1302 1069/1328/1303 1096/1329/1304
f 1096/1329/1304 1069/1328/1303 1098/1330/1305
f 1096/1329/1304 1098/1330/1305 1083/1331/1306
f 1083/1331/1306 1098/1330/1305 1070/1332/1307
f 1083/1331/1306 1070/1332/1307 1071/1333/1308
f 1069/1328/1303 1070/1332/1307 1098/1330/1305
f 1071/1333/1308 1072/1334/1309 1083/1331/1306
f 1083/1331/1306 1072/1334/1309 1097/1335/1310
f 1083/1331/1306 1097/1335/1310 1096/1329/1304
f 1096/1329/1304 1097/1335/1310 1092/1336/1311
f 1096/1329/1304 1092/1336/1311 1091/1337/1312
f 1091/1337/1312 1092/1336/1311 1086/1315/1290
f 1091/1337/1312 1086/1315/1290 1087/1313/1288
f 1072/1334/1309 1073/1338/1313 1097/1335/1310
f 1097/1335/1310 1073/1338/1313 1093/1339/1314
f 1097/1335/1310 1093/1339/1314 1092/1336/1311
f 1092/1336/1311 1093/1339/1314 1085/1317/1292
f 1092/1336/1311 1085/1317/1292 1086/1315/1290
f 1073/1338/1313 1074/1340/1315 1093/1339/1314
f 1093/1339/1314 1074/1340/1315 1084/1319/1294
f 1093/1339/1314 1084/1319/1294 1085/1317/1292
f 1074/1340/1315 1075/1321/1296 1084/1319/1294
f 1099/1320/1295 1076/1322/1297 1103/1341/1316
f 1103/1341/1316 1076/1322/1297 1077/1342/1317
f 1103/1341/1316 1077/1342/1317 1078/1343/1318
f 1103/1341/1316 1078/1343/1318 1104/1344/1319
f 1104/1344/1319 1078/1343/1318 1079/1345/1320
f 1104/1344/1319 1079/1345/1320 1100/1318/1293
f 1100/1318/1293 1079/1345/1320 1101/1316/1291
f 1079/1345/1320 1080/1346/1321 1101/1316/1291
f 1101/1316/1291 1080/1346/1321 1102/1314/1289
f 1080/1346/1321 1081/1312/1287 1102/1314/1289
f 1091/1337/1312 1087/1313/1288 1090/1324/1299
f 1094/1325/1300 1095/1327/1302 1090/1324/1299
f 1090/1324/1299 1095/1327/1302 1091/1337/1312
f 1095/1327/1302 1096/1329/1304 1091/1337/1312
f 1104/1344/1319 1100/1318/1293 1099/1320/1295
f 1103/1341/1316 1104/1344/1319 1099/1320/1295
f 1122/1347/1322 1105/1348/1323 1125/1349/1324
f 1125/1349/1324 1105/1348/1323 1106/1350/1325
f 1125/1349/1324 1106/1350/1325 1124/1351/1326
f 1124/1351/1326 1106/1350/1325 1107/1352/1327
f 1124/1351/1326 1107/1352/1327 1128/1353/1328
f 1128/1353/1328 1107/1352/1327 1127/1354/1329
f 1128/1353/1328 1127/1354/1329 1133/1355/1330
f 1133/1355/1330 1127/1354/1329 1132/1356/1331
f 1133/1355/1330 1132/1356/1331 1138/1357/1332
f 1138/1357/1332 1132/1356/1331 1137/1358/1333
f 1138/1357/1332 1137/1358/1333 1142/1359/1334
f 1142/1359/1334 1137/1358/1333 1141/1360/1335
f 1142/1359/1334 1141/1360/1335 1115/1361/1336
f 1115/1361/1336 1141/1360/1335 1114/1362/1337
f 1114/1362/1337 1141/1360/1335 1140/1363/1338
f 1114/1362/1337 1140/1363/1338 1113/1364/1339
f 1113/1364/1339 1140/1363/1338 1136/1365/1340
f 1113/1364/1339 1136/1365/1340 1135/1366/1341
f 1135/1366/1341 1136/1365/1340 1130/1367/1342
f 1135/1366/1341 1130/1367/1342 1111/1368/1343
f 1111/1368/1343 1130/1367/1342 1110/1369/1344
f 1110/1369/1344 1130/1367/1342 1109/1370/1345
f 1109/1370/1345 1130/1367/1342 1131/1371/1346
f 1109/1370/1345 1131/1371/1346 1126/1372/1347
f 1126/1372/1347 1131/1371/1346 1132/1356/1331
f 1126/1372/1347 1132/1356/1331 1127/1354/1329
f 1107/1352/1327 1108/1373/1348 1127/1354/1329
f 1127/1354/1329 1108/1373/1348 1126/1372/1347
f 1108/1373/1348 1109/1370/1345 1126/1372/1347
f 1111/1368/1343 1112/1374/1349 1135/1366/1341
f 1135/1366/1341 1112/1374/1349 1113/1364/1339
f 1142/1359/1334 1115/1361/1336 1144/1375/1350
f 1144/1375/1350 1115/1361/1336 1116/1376/1351
f 1144/1375/1350 1116/1376/1351 1123/1377/1352
f 1123/1377/1352 1116/1376/1351 1117/1378/1353
f 1123/1377/1352 1117/1378/1353 1118/1379/1354
f 1123/1377/1352 1118/1379/1354 1143/1380/1355
f 1143/1380/1355 1118/1379/1354 1119/1381/1356
f 1143/1380/1355 1119/1381/1356 1139/1382/1357
f 1139/1382/1357 1119/1381/1356 1120/1383/1358
f 1139/1382/1357 1120/1383/1358 1134/1384/1359
f 1134/1384/1359 1120/1383/1358 1121/1385/1360
f 1134/1384/1359 1121/1385/1360 1129/1386/1361
f 1129/1386/1361 1121/1385/1360 1122/1347/1322
f 1129/1386/1361 1122/1347/1322 1125/1349/1324
f 1129/1386/1361 1125/1349/1324 1124/1351/1326
f 1134/1384/1359 1129/1386/1361 1128/1353/1328
f 1128/1353/1328 1129/1386/1361 1124/1351/1326
f 1134/1384/1359 1128/1353/1328 1133/1355/1330
f 1137/1358/1333 1132/1356/1331 1131/1371/1346
f 1137/1358/1333 1131/1371/1346 1136/1365/1340
f 1136/1365/1340 1131/1371/1346 1130/1367/1342
f 1139/1382/1357 1134/1384/1359 1133/1355/1330
f 1139/1382/1357 1133/1355/1330 1138/1357/1332
f 1141/1360/1335 1137/1358/1333 1136/1365/1340
f 1140/1363/1338 1141/1360/1335 1136/1365/1340
f 1143/1380/1355 1139/1382/1357 1138/1357/1332
f 1143/1380/1355 1138/1357/1332 1142/1359/1334
f 1123/1377/1352 1143/1380/1355 1142/1359/1334
f 1144/1375/1350 1123/1377/1352 1142/1359/1334
f 1146/1387/1362 1169/1388/1363 1145/1389/1364
f 1145/1389/1364 1169/1388/1363 1168/1390/1365
f 1145/1389/1364 1168/1390/1365 1162/1391/1366
f 1162/1391/1366 1168/1390/1365 1161/1392/1367
f 1161/1392/1367 1168/1390/1365 1167/1393/1368
f 1161/1392/1367 1167/1393/1368 1182/1394/1369
f 1182/1394/1369 1167/1393/1368 1166/1395/1370
f 1182/1394/1369 1166/1395/1370 1181/1396/1371
f 1181/1396/1371 1166/1395/1370 1165/1397/1372
f 1181/1396/1371 1165/1397/1372 1180/1398/1373
f 1180/1398/1373 1165/1397/1372 1164/1399/1374
f 1180/1398/1373 1164/1399/1374 1179/1400/1375
f 1179/1400/1375 1164/1399/1374 1155/1401/1376
f 1179/1400/1375 1155/1401/1376 1156/1402/1377
f 1146/1387/1362 1147/1403/1378 1169/1388/1363
f 1169/1388/1363 1147/1403/1378 1170/1404/1379
f 1169/1388/1363 1170/1404/1379 1168/1390/1365
f 1168/1390/1365 1170/1404/1379 1167/1393/1368
f 1170/1404/1379 1147/1403/1378 1174/1405/1380
f 1174/1405/1380 1147/1403/1378 1148/1406/1381
f 1174/1405/1380 1148/1406/1381 1175/1407/1382
f 1175/1407/1382 1148/1406/1381 1149/1408/1383
f 1175/1407/1382 1149/1408/1383 1176/1409/1384
f 1176/1409/1384 1149/1408/1383 1178/1410/1385
f 1176/1409/1384 1178/1410/1385 1163/1411/1386
f 1163/1411/1386 1178/1410/1385 1150/1412/1387
f 1163/1411/1386 1150/1412/1387 1151/1413/1388
f 1149/1408/1383 1150/1412/1387 1178/1410/1385
f 1151/1413/1388 1152/1414/1389 1163/1411/1386
f 1163/1411/1386 1152/1414/1389 1177/1415/1390
f 1163/1411/1386 1177/1415/1390 1176/1409/1384
f 1176/1409/1384 1177/1415/1390 1172/1416/1391
f 1176/1409/1384 1172/1416/1391 1171/1417/1392
f 1171/1417/1392 1172/1416/1391 1166/1395/1370
f 1171/1417/1392 1166/1395/1370 1167/1393/1368
f 1152/1414/1389 1153/1418/1393 1177/1415/1390
f 1177/1415/1390 1153/1418/1393 1173/1419/1394
f 1177/1415/1390 1173/1419/1394 1172/1416/1391
f 1172/1416/1391 1173/1419/1394 1165/1397/1372
f 1172/1416/1391 1165/1397/1372 1166/1395/1370
f 1153/1418/1393 1154/1420/1395 1173/1419/1394
f 1173/1419/1394 1154/1420/1395 1164/1399/1374
f 1173/1419/1394 1164/1399/1374 1165/1397/1372
f 1154/1420/1395 1155/1401/1376 1164/1399/1374
f 1179/1400/1375 1156/1402/1377 1183/1421/1396
f 1183/1421/1396 1156/1402/1377 1157/1422/1397
f 1183/1421/1396 1157/1422/1397 1158/1423/1398
f 1183/1421/1396 1158/1423/1398 1184/1424/1399
f 1184/1424/1399 1158/1423/1398 1159/1425/1400
f 1184/1424/1399 1159/1425/1400 1180/1398/1373
f 1180/1398/1373 1159/1425/1400 1181/1396/1371
f 1159/1425/1400 1160/1426/1401 1181/1396/1371
f 1181/1396/1371 1160/1426/1401 1182/1394/1369
f 1160/1426/1401 1161/1392/1367 1182/1394/1369
f 1171/1417/1392 1167/1393/1368 1170/1404/1379
f 1174/1405/1380 1175/1407/1382 1170/1404/1379
f 1170/1404/1379 1175/1407/1382 1171/1417/1392
f 1175/1407/1382 1176/1409/1384 1171/1417/1392
f 1184/1424/1399 1180/1398/1373 1179/1400/1375
f 1183/1421/1396 1184/1424/1399 1179/1400/1375
f 1186/1427/1402 1209/1428/1403 1185/1429/1404
f 1185/1429/1404 1209/1428/1403 1208/1430/1405
f 1185/1429/1404 1208/1430/1405 1202/1431/1406
f 1202/1431/1406 1208/1430/1405 1201/1432/1407
f 1201/1432/1407 1208/1430/1405 1207/1433/1408
f 1201/1432/1407 1207/1433/1408 1222/1434/1409
f 1222/1434/1409 1207/1433/1408 1206/1435/1410
f 1222/1434/1409 1206/1435/1410 1221/1436/1411
f 1221/1436/1411 1206/1435/1410 1205/1437/1412
f 1221/1436/1411 1205/1437/1412 1220/1438/1413
f 1220/1438/1413 1205/1437/1412 1204/1439/1414
f 1220/1438/1413 1204/1439/1414 1219/1440/1415
f 1219/1440/1415 1204/1439/1414 1195/1441/1416
f 1219/1440/1415 1195/1441/1416 1196/1442/1417
f 1186/1427/1402 1187/1443/1418 1209/1428/1403
f 1209/1428/1403 1187/1443/1418 1210/1444/1419
f 1209/1428/1403 1210/1444/1419 1208/1430/1405
f 1208/1430/1405 1210/1444/1419 1207/1433/1408
f 1210/1444/1419 1187/1443/1418 1214/1445/1420
f 1214/1445/1420 1187/1443/1418 1188/1446/1421
f 1214/1445/1420 1188/1446/1421 1215/1447/1422
f 1215/1447/1422 1188/1446/1421 1189/1448/1423
f 1215/1447/1422 1189/1448/1423 1216/1449/1424
f 1216/1449/1424 1189/1448/1423 1218/1450/1425
f 1216/1449/1424 1218/1450/1425 1203/1451/1426
f 1203/1451/1426 1218/1450/1425 1190/1452/1427
f 1203/1451/1426 1190/1452/1427 1191/1453/1428
f 1189/1448/1423 1190/1452/1427 1218/1450/1425
f 1191/1453/1428 1192/1454/1429 1203/1451/1426
f 1203/1451/1426 1192/1454/1429 1217/1455/1430
f 1203/1451/1426 1217/1455/1430 1216/1449/1424
f 1216/1449/1424 1217/1455/1430 1212/1456/1431
f 1216/1449/1424 1212/1456/1431 1211/1457/1432
f 1211/1457/1432 1212/1456/1431 1206/1435/1410
f 1211/1457/1432 1206/1435/1410 1207/1433/1408
f 1192/1454/1429 1193/1458/1433 1217/1455/1430
f 1217/1455/1430 1193/1458/1433 1213/1459/1434
f 1217/1455/1430 1213/1459/1434 1212/1456/1431
f 1212/1456/1431 1213/1459/1434 1205/1437/1412
f 1212/1456/1431 1205/1437/1412 1206/1435/1410
f 1193/1458/1433 1194/1460/1435 1213/1459/1434
f 1213/1459/1434 1194/1460/1435 1204/1439/1414
f 1213/1459/1434 1204/1439/1414 1205/1437/1412
f 1194/1460/1435 1195/1441/1416 1204/1439/1414
f 1219/1440/1415 1196/1442/1417 1223/1461/1436
f 1223/1461/1436 1196/1442/1417 1197/1462/1437
f 1223/1461/1436 1197/1462/1437 1198/1463/1438
f 1223/1461/1436 1198/1463/1438 1224/1464/1439
f 1224/1464/1439 1198/1463/1438 1199/1465/1440
f 1224/1464/1439 1199/1465/1440 1220/1438/1413
f 1220/1438/1413 1199/1465/1440 1221/1436/1411
f 1199/1465/1440 1200/1466/1441 1221/1436/1411
f 1221/1436/1411 1200/1466/1441 1222/1434/1409
f 1200/1466/1441 1201/1432/1407 1222/1434/1409
f 1211/1457/1432 1207/1433/1408 1210/1444/1419
f 1214/1445/1420 1215/1447/1422 1210/1444/1419
f 1210/1444/1419 1215/1447/1422 1211/1457/1432
f 1215/1447/1422 1216/1449/1424 1211/1457/1432
f 1224/1464/1439 1220/1438/1413 1219/1440/1415
f 1223/1461/1436 1224/1464/1439 1219/1440/1415
f 1242/1467/1442 1225/1468/1443 1244/1469/1444
f 1244/1469/1444 1225/1468/1443 1226/1470/1445
f 1244/1469/1444 1226/1470/1445 1243/1471/1446
f 1243/1471/1446 1226/1470/1445 1227/1472/1447
f 1243/1471/1446 1227/1472/1447 1247/1473/1448
f 1247/1473/1448 1227/1472/1447 1246/1474/1449
f 1247/1473/1448 1246/1474/1449 1252/1475/1450
f 1252/1475/1450 1246/1474/1449 1251/1476/1451
f 1252/1475/1450 1251/1476/1451 1257/1477/1452
f 1257/1477/1452 1251/1476/1451 1256/1478/1453
f 1257/1477/1452 1256/1478/1453 1261/1479/1454
f 1261/1479/1454 1256/1478/1453 1260/1480/1455
f 1261/1479/1454 1260/1480/1455 1235/1481/1456
f 1235/1481/1456 1260/1480/1455 1234/1482/1457
f 1234/1482/1457 1260/1480/1455 1259/1483/1458
f 1234/1482/1457 1259/1483/1458 1233/1484/1459
f 1233/1484/1459 1259/1483/1458 1255/1485/1460
f 1233/1484/1459 1255/1485/1460 1254/1486/1461
f 1254/1486/1461 1255/1485/1460 1249/1487/1462
f 1254/1486/1461 1249/1487/1462 1231/1488/1463
f 1231/1488/1463 1249/1487/1462 1230/1489/1464
f 1230/1489/1464 1249/1487/1462 1229/1490/1465
f 1229/1490/1465 1249/1487/1462 1250/1491/1466
f 1229/1490/1465 1250/1491/1466 1245/1492/1467
f 1245/1492/1467 1250/1491/1466 1251/1476/1451
f 1245/1492/1467 1251/1476/1451 1246/1474/1449
f 1227/1472/1447 1228/1493/1468 1246/1474/1449
f 1246/1474/1449 1228/1493/1468 1245/1492/1467
f 1228/1493/1468 1229/1490/1465 1245/1492/1467
f 1231/1488/1463 1232/1494/1469 1254/1486/1461
f 1254/1486/1461 1232/1494/1469 1233/1484/1459
f 1261/1479/1454 1235/1481/1456 1263/1495/1470
f 1263/1495/1470 1235/1481/1456 1236/1496/1471
f 1263/1495/1470 1236/1496/1471 1264/1497/1472
f 1264/1497/1472 1236/1496/1471 1237/1498/1473
f 1264/1497/1472 1237/1498/1473 1238/1499/1474
f 1264/1497/1472 1238/1499/1474 1262/1500/1475
f 1262/1500/1475 1238/1499/1474 1239/1501/1476
f 1262/1500/1475 1239/1501/1476 1258/1502/1477
f 1258/1502/1477 1239/1501/1476 1240/1503/1478
f 1258/1502/1477 1240/1503/1478 1253/1504/1479
f 1253/1504/1479 1240/1503/1478 1241/1505/1480
f 1253/1504/1479 1241/1505/1480 1248/1506/1481
f 1248/1506/1481 1241/1505/1480 1242/1467/1442
f 1248/1506/1481 1242/1467/1442 1244/1469/1444
f 1248/1506/1481 1244/1469/1444 1243/1471/1446
f 1253/1504/1479 1248/1506/1481 1247/1473/1448
f 1247/1473/1448 1248/1506/1481 1243/1471/1446
f 1253/1504/1479 1247/1473/1448 1252/1475/1450
f 1256/1478/1453 1251/1476/1451 1250/1491/1466
f 1256/1478/1453 1250/1491/1466 1255/1485/1460
f 1255/1485/1460 1250/1491/1466 1249/1487/1462
f 1258/1502/1477 1253/1504/1479 1252/1475/1450
f 1258/1502/1477 1252/1475/1450 1257/1477/1452
f 1260/1480/1455 1256/1478/1453 1255/1485/1460
f 1259/1483/1458 1260/1480/1455 1255/1485/1460
f 1262/1500/1475 1258/1502/1477 1257/1477/1452
f 1262/1500/1475 1257/1477/1452 1261/1479/1454
f 1264/1497/1472 1262/1500/1475 1261/1479/1454
f 1263/1495/1470 1264/1497/1472 1261/1479/1454
f 1282/1507/1482 1265/1508/1483 1283/1509/1484
f 1283/1509/1484 1265/1508/1483 1266/1510/1485
f 1283/1509/1484 1266/1510/1485 1285/1511/1486
f 1285/1511/1486 1266/1510/1485 1267/1512/1487
f 1285/1511/1486 1267/1512/1487 1289/1513/1488
f 1289/1513/1488 1267/1512/1487 1268/1514/1489
f 1289/1513/1488 1268/1514/1489 1294/1515/1490
f 1294/1515/1490 1268/1514/1489 1269/1516/1491
f 1294/1515/1490 1269/1516/1491 1299/1517/1492
f 1299/1517/1492 1269/1516/1491 1270/1518/1493
f 1299/1517/1492 1270/1518/1493 1303/1519/1494
f 1303/1519/1494 1270/1518/1493 1271/1520/1495
f 1303/1519/1494 1271/1520/1495 1272/1521/1496
f 1303/1519/1494 1272/1521/1496 1304/1522/1497
f 1304/1522/1497 1272/1521/1496 1273/1523/1498
f 1304/1522/1497 1273/1523/1498 1300/1524/1499
f 1300/1524/1499 1273/1523/1498 1301/1525/1500
f 1300/1524/1499 1301/1525/1500 1295/1526/1501
f 1295/1526/1501 1301/1525/1500 1296/1527/1502
f 1295/1526/1501 1296/1527/1502 1290/1528/1503
f 1290/1528/1503 1296/1527/1502 1291/1529/1504
f 1290/1528/1503 1291/1529/1504 1286/1530/1505
f 1286/1530/1505 1291/1529/1504 1287/1531/1506
f 1286/1530/1505 1287/1531/1506 1281/1532/1507
f 1281/1532/1507 1287/1531/1506 1280/1533/1508
f 1280/1533/1508 1287/1531/1506 1288/1534/1509
f 1280/1533/1508 1288/1534/1509 1279/1535/1510
f 1279/1535/1510 1288/1534/1509 1292/1536/1511
f 1279/1535/1510 1292/1536/1511 1293/1537/1512
f 1293/1537/1512 1292/1536/1511 1298/1538/1513
f 1293/1537/1512 1298/1538/1513 1277/1539/1514
f 1277/1539/1514 1298/1538/1513 1276/1540/1515
f 1276/1540/1515 1298/1538/1513 1275/1541/1516
f 1275/1541/1516 1298/1538/1513 1297/1542/1517
f 1275/1541/1516 1297/1542/1517 1302/1543/1518
f 1302/1543/1518 1297/1542/1517 1296/1527/1502
f 1302/1543/1518 1296/1527/1502 1301/1525/1500
f 1273/1523/1498 1274/1544/1519 1301/1525/1500
f 1301/1525/1500 1274/1544/1519 1302/1543/1518
f 1274/1544/1519 1275/1541/1516 1302/1543/1518
f 1277/1539/1514 1278/1545/1520 1293/1537/1512
f 1293/1537/1512 1278/1545/1520 1279/1535/1510
f 1286/1530/1505 1281/1532/1507 1284/1546/1521
f 1284/1546/1521 1281/1532/1507 1282/1507/1482
f 1284/1546/1521 1282/1507/1482 1283/1509/1484
f 1286/1530/1505 1284/1546/1521 1283/1509/1484
f 1290/1528/1503 1286/1530/1505 1285/1511/1486
f 1285/1511/1486 1286/1530/1505 1283/1509/1484
f 1292/1536/1511 1288/1534/1509 1287/1531/1506
f 1292/1536/1511 1287/1531/1506 1291/1529/1504
f 1295/1526/1501 1290/1528/1503 1289/1513/1488
f 1289/1513/1488 1290/1528/1503 1285/1511/1486
f 1296/1527/1502 1297/1542/1517 1291/1529/1504
f 1291/1529/1504 1297/1542/1517 1292/1536/1511
f 1297/1542/1517 1298/1538/1513 1292/1536/1511
f 1300/1524/1499 1295/1526/1501 1294/1515/1490
f 1294/1515/1490 1295/1526/1501 1289/1513/1488
f 1304/1522/1497 1300/1524/1499 1299/1517/1492
f 1299/1517/1492 1300/1524/1499 1294/1515/1490
f 1303/1519/1494 1304/1522/1497 1299/1517/1492
f 1122/1547/1322 1305/1548/1522 1105/1549/1323
f 1105/1549/1323 1305/1548/1522 1306/1550/1523
f 1105/1549/1323 1306/1550/1523 1307/1551/1524
f 1307/1551/1524 1306/1550/1523 1311/1552/1525
f 1307/1551/1524 1311/1552/1525 1312/1553/1526
f 1312/1553/1526 1311/1552/1525 1316/1554/1527
f 1312/1553/1526 1316/1554/1527 1274/1555/1519
f 1274/1555/1519 1316/1554/1527 1275/1556/1516
f 1275/1556/1516 1316/1554/1527 1320/1557/1528
f 1275/1556/1516 1320/1557/1528 1276/1558/1515
f 1276/1558/1515 1320/1557/1528 1324/1559/1529
f 1276/1558/1515 1324/1559/1529 1277/1560/1514
f 1277/1560/1514 1324/1559/1529 1323/1561/1530
f 1277/1560/1514 1323/1561/1530 1322/1562/1531
f 1322/1562/1531 1323/1561/1530 1318/1563/1532
f 1322/1562/1531 1318/1563/1532 1317/1564/1533
f 1317/1564/1533 1318/1563/1532 1313/1565/1534
f 1317/1564/1533 1313/1565/1534 1120/1566/1358
f 1120/1566/1358 1313/1565/1534 1121/1567/1360
f 1121/1567/1360 1313/1565/1534 1309/1568/1535
f 1121/1567/1360 1309/1568/1535 1122/1547/1322
f 1122/1547/1322 1309/1568/1535 1305/1548/1522
f 1120/1566/1358 1119/1569/1356 1317/1564/1533
f 1317/1564/1533 1119/1569/1356 1321/1570/1536
f 1317/1564/1533 1321/1570/1536 1322/1562/1531
f 1322/1562/1531 1321/1570/1536 1117/1571/1353
f 1322/1562/1531 1117/1571/1353 1277/1560/1514
f 1119/1569/1356 1118/1572/1354 1321/1570/1536
f 1321/1570/1536 1118/1572/1354 1117/1571/1353
f 1274/1555/1519 1273/1573/1498 1312/1553/1526
f 1312/1553/1526 1273/1573/1498 1308/1574/1537
f 1312/1553/1526 1308/1574/1537 1307/1551/1524
f 1307/1551/1524 1308/1574/1537 1271/1575/1495
f 1307/1551/1524 1271/1575/1495 1105/1549/1323
f 1273/1573/1498 1272/1576/1496 1308/1574/1537
f 1308/1574/1537 1272/1576/1496 1271/1575/1495
f 1306/1550/1523 1305/1548/1522 1310/1577/1538
f 1310/1577/1538 1305/1548/1522 1309/1568/1535
f 1310/1577/1538 1309/1568/1535 1314/1578/1539
f 1314/1578/1539 1309/1568/1535 1313/1565/1534
f 1314/1578/1539 1313/1565/1534 1318/1563/1532
f 1306/1550/1523 1310/1577/1538 1311/1552/1525
f 1311/1552/1525 1310/1577/1538 1315/1579/1540
f 1311/1552/1525 1315/1579/1540 1316/1554/1527
f 1316/1554/1527 1315/1579/1540 1320/1557/1528
f 1315/1579/1540 1310/1577/1538 1314/1578/1539
f 1315/1579/1540 1314/1578/1539 1319/1580/1541
f 1319/1580/1541 1314/1578/1539 1318/1563/1532
f 1319/1580/1541 1318/1563/1532 1323/1561/1530
f 1324/1559/1529 1320/1557/1528 1319/1580/1541
f 1319/1580/1541 1320/1557/1528 1315/1579/1540
f 1324/1559/1529 1319/1580/1541 1323/1561/1530
f 1326/1581/1542 1348/1582/1543 1325/1583/1544
f 1325/1583/1544 1348/1582/1543 1347/1584/1545
f 1325/1583/1544 1347/1584/1545 1342/1585/1546
f 1342/1585/1546 1347/1584/1545 1341/1586/1547
f 1341/1586/1547 1347/1584/1545 1346/1587/1548
f 1341/1586/1547 1346/1587/1548 1362/1588/1549
f 1362/1588/1549 1346/1587/1548 1345/1589/1550
f 1362/1588/1549 1345/1589/1550 1361/1590/1551
f 1361/1590/1551 1345/1589/1550 1344/1591/1552
f 1361/1590/1551 1344/1591/1552 1360/1592/1553
f 1360/1592/1553 1344/1591/1552 1343/1593/1554
f 1360/1592/1553 1343/1593/1554 1359/1594/1555
f 1359/1594/1555 1343/1593/1554 1335/1595/1556
f 1359/1594/1555 1335/1595/1556 1336/1596/1557
f 1326/1581/1542 1327/1597/1558 1348/1582/1543
f 1348/1582/1543 1327/1597/1558 1349/1598/1559
f 1348/1582/1543 1349/1598/1559 1347/1584/1545
f 1347/1584/1545 1349/1598/1559 1346/1587/1548
f 1349/1598/1559 1327/1597/1558 1353/1599/1560
f 1353/1599/1560 1327/1597/1558 1328/1600/1561
f 1353/1599/1560 1328/1600/1561 1354/1601/1562
f 1354/1601/1562 1328/1600/1561 1329/1602/1563
f 1354/1601/1562 1329/1602/1563 1355/1603/1564
f 1355/1603/1564 1329/1602/1563 1357/1604/1565
f 1355/1603/1564 1357/1604/1565 1358/1605/1566
f 1358/1605/1566 1357/1604/1565 1330/1606/1567
f 1358/1605/1566 1330/1606/1567 1331/1607/1568
f 1329/1602/1563 1330/1606/1567 1357/1604/1565
f 1331/1607/1568 1332/1608/1569 1358/1605/1566
f 1358/1605/1566 1332/1608/1569 1356/1609/1570
f 1358/1605/1566 1356/1609/1570 1355/1603/1564
f 1355/1603/1564 1356/1609/1570 1351/1610/1571
f 1355/1603/1564 1351/1610/1571 1350/1611/1572
f 1350/1611/1572 1351/1610/1571 1345/1589/1550
f 1350/1611/1572 1345/1589/1550 1346/1587/1548
f 1332/1608/1569 1333/1612/1573 1356/1609/1570
f 1356/1609/1570 1333/1612/1573 1352/1613/1574
f 1356/1609/1570 1352/1613/1574 1351/1610/1571
f 1351/1610/1571 1352/1613/1574 1344/1591/1552
f 1351/1610/1571 1344/1591/1552 1345/1589/1550
f 1333/1612/1573 1334/1614/1575 1352/1613/1574
f 1352/1613/1574 1334/1614/1575 1343/1593/1554
f 1352/1613/1574 1343/1593/1554 1344/1591/1552
f 1334/1614/1575 1335/1595/1556 1343/1593/1554
f 1359/1594/1555 1336/1596/1557 1363/1615/1576
f 1363/1615/1576 1336/1596/1557 1337/1616/1577
f 1363/1615/1576 1337/1616/1577 1338/1617/1578
f 1363/1615/1576 1338/1617/1578 1364/1618/1579
f 1364/1618/1579 1338/1617/1578 1339/1619/1580
f 1364/1618/1579 1339/1619/1580 1360/1592/1553
f 1360/1592/1553 1339/1619/1580 1361/1590/1551
f 1339/1619/1580 1340/1620/1581 1361/1590/1551
f 1361/1590/1551 1340/1620/1581 1362/1588/1549
f 1340/1620/1581 1341/1586/1547 1362/1588/1549
f 1350/1611/1572 1346/1587/1548 1349/1598/1559
f 1353/1599/1560 1354/1601/1562 1349/1598/1559
f 1349/1598/1559 1354/1601/1562 1350/1611/1572
f 1354/1601/1562 1355/1603/1564 1350/1611/1572
f 1364/1618/1579 1360/1592/1553 1359/1594/1555
f 1363/1615/1576 1364/1618/1579 1359/1594/1555
f 1336/1621/1557 1365/1622/1582 1337/1623/1577
f 1337/1623/1577 1365/1622/1582 1366/1624/1583
f 1337/1623/1577 1366/1624/1583 1367/1625/1584
f 1367/1625/1584 1366/1624/1583 1371/1626/1585
f 1367/1625/1584 1371/1626/1585 1372/1627/1586
f 1372/1627/1586 1371/1626/1585 1376/1628/1587
f 1372/1627/1586 1376/1628/1587 1194/1629/1435
f 1194/1629/1435 1376/1628/1587 1195/1630/1416
f 1195/1630/1416 1376/1628/1587 1380/1631/1588
f 1195/1630/1416 1380/1631/1588 1196/1632/1417
f 1196/1632/1417 1380/1631/1588 1384/1633/1589
f 1196/1632/1417 1384/1633/1589 1197/1634/1437
f 1197/1634/1437 1384/1633/1589 1383/1635/1590
f 1197/1634/1437 1383/1635/1590 1382/1636/1591
f 1382/1636/1591 1383/1635/1590 1378/1637/1592
f 1382/1636/1591 1378/1637/1592 1377/1638/1593
f 1377/1638/1593 1378/1637/1592 1373/1639/1594
f 1377/1638/1593 1373/1639/1594 1334/1640/1575
f 1334/1640/1575 1373/1639/1594 1335/1641/1556
f 1335/1641/1556 1373/1639/1594 1369/1642/1595
f 1335/1641/1556 1369/1642/1595 1336/1621/1557
f 1336/1621/1557 1369/1642/1595 1365/1622/1582
f 1334/1640/1575 1333/1643/1573 1377/1638/1593
f 1377/1638/1593 1333/1643/1573 1381/1644/1596
f 1377/1638/1593 1381/1644/1596 1382/1636/1591
f 1382/1636/1591 1381/1644/1596 1331/1645/1568
f 1382/1636/1591 1331/1645/1568 1197/1634/1437
f 1333/1643/1573 1332/1646/1569 1381/1644/1596
f 1381/1644/1596 1332/1646/1569 1331/1645/1568
f 1194/1629/1435 1193/1647/1433 1372/1627/1586
f 1372/1627/1586 1193/1647/1433 1368/1648/1597
f 1372/1627/1586 1368/1648/1597 1367/1625/1584
f 1367/1625/1584 1368/1648/1597 1191/1649/1428
f 1367/1625/1584 1191/1649/1428 1337/1623/1577
f 1193/1647/1433 1192/1650/1429 1368/1648/1597
f 1368/1648/1597 1192/1650/1429 1191/1649/1428
f 1366/1624/1583 1365/1622/1582 1370/1651/1598
f 1370/1651/1598 1365/1622/1582 1369/1642/1595
f 1370/1651/1598 1369/1642/1595 1374/1652/1599
f 1374/1652/1599 1369/1642/1595 1373/1639/1594
f 1374/1652/1599 1373/1639/1594 1378/1637/1592
f 1366/1624/1583 1370/1651/1598 1371/1626/1585
f 1371/1626/1585 1370/1651/1598 1375/1653/1600
f 1371/1626/1585 1375/1653/1600 1376/1628/1587
f 1376/1628/1587 1375/1653/1600 1380/1631/1588
f 1375/1653/1600 1370/1651/1598 1374/1652/1599
f 1375/1653/1600 1374/1652/1599 1379/1654/1601
f 1379/1654/1601 1374/1652/1599 1378/1637/1592
f 1379/1654/1601 1378/1637/1592 1383/1635/1590
f 1384/1633/1589 1380/1631/1588 1379/1654/1601
f 1379/1654/1601 1380/1631/1588 1375/1653/1600
f 1384/1633/1589 1379/1654/1601 1383/1635/1590
f 1337/1655/1577 1237/1656/1473 1338/1657/1578
f 1338/1657/1578 1237/1656/1473 1236/1658/1471
f 1338/1657/1578 1236/1658/1471 1339/1659/1580
f 1339/1659/1580 1236/1658/1471 1235/1660/1456
f 1339/1659/1580 1235/1660/1456 1340/1661/1581
f 1340/1661/1581 1235/1660/1456 1234/1662/1457
f 1340/1661/1581 1234/1662/1457 1341/1663/1547
f 1341/1663/1547 1234/1662/1457 1233/1664/1459
f 1341/1663/1547 1233/1664/1459 1342/1665/1546
f 1342/1665/1546 1233/1664/1459 1232/1666/1469
f 1342/1665/1546 1232/1666/1469 1325/1667/1544
f 1325/1667/1544 1232/1666/1469 1231/1668/1463
f 1282/1669/1482 1385/1670/1602 1265/1671/1483
f 1265/1671/1483 1385/1670/1602 1386/1672/1603
f 1265/1671/1483 1386/1672/1603 1325/1673/1544
f 1325/1673/1544 1386/1672/1603 1387/1674/1604
f 1325/1673/1544 1387/1674/1604 1326/1675/1542
f 1326/1675/1542 1387/1674/1604 1327/1676/1558
f 1327/1676/1558 1387/1674/1604 1390/1677/1605
f 1327/1676/1558 1390/1677/1605 1328/1678/1561
f 1328/1678/1561 1390/1677/1605 1393/1679/1606
f 1328/1678/1561 1393/1679/1606 1329/1680/1563
f 1329/1680/1563 1393/1679/1606 1396/1681/1607
f 1329/1680/1563 1396/1681/1607 1330/1682/1567
f 1330/1682/1567 1396/1681/1607 1399/1683/1608
f 1330/1682/1567 1399/1683/1608 1331/1684/1568
f 1331/1684/1568 1399/1683/1608 1398/1685/1609
f 1331/1684/1568 1398/1685/1609 1277/1686/1514
f 1277/1686/1514 1398/1685/1609 1397/1687/1610
f 1277/1686/1514 1397/1687/1610 1278/1688/1520
f 1278/1688/1520 1397/1687/1610 1279/1689/1510
f 1279/1689/1510 1397/1687/1610 1394/1690/1611
f 1279/1689/1510 1394/1690/1611 1280/1691/1508
f 1280/1691/1508 1394/1690/1611 1391/1692/1612
f 1280/1691/1508 1391/1692/1612 1281/1693/1507
f 1281/1693/1507 1391/1692/1612 1388/1694/1613
f 1281/1693/1507 1388/1694/1613 1282/1669/1482
f 1282/1669/1482 1388/1694/1613 1385/1670/1602
f 1390/1677/1605 1387/1674/1604 1386/1672/1603
f 1386/1672/1603 1385/1670/1602 1389/1695/1614
f 1389/1695/1614 1385/1670/1602 1388/1694/1613
f 1389/1695/1614 1388/1694/1613 1392/1696/1615
f 1392/1696/1615 1388/1694/1613 1391/1692/1612
f 1392/1696/1615 1391/1692/1612 1395/1697/1616
f 1395/1697/1616 1391/1692/1612 1394/1690/1611
f 1395/1697/1616 1394/1690/1611 1398/1685/1609
f 1398/1685/1609 1394/1690/1611 1397/1687/1610
f 1393/1679/1606 1390/1677/1605 1389/1695/1614
f 1389/1695/1614 1390/1677/1605 1386/1672/1603
f 1393/1679/1606 1389/1695/1614 1392/1696/1615
f 1396/1681/1607 1393/1679/1606 1392/1696/1615
f 1396/1681/1607 1392/1696/1615 1395/1697/1616
f 1399/1683/1608 1396/1681/1607 1395/1697/1616
f 1399/1683/1608 1395/1697/1616 1398/1685/1609
f 1265/1698/1483 1157/1699/1397 1266/1700/1485
f 1266/1700/1485 1157/1699/1397 1156/1701/1377
f 1266/1700/1485 1156/1701/1377 1267/1702/1487
f 1267/1702/1487 1156/1701/1377 1155/1703/1376
f 1267/1702/1487 1155/1703/1376 1268/1704/1489
f 1268/1704/1489 1155/1703/1376 1154/1705/1395
f 1268/1704/1489 1154/1705/1395 1269/1706/1491
f 1269/1706/1491 1154/1705/1395 1153/1707/1393
f 1269/1706/1491 1153/1707/1393 1270/1708/1493
f 1270/1708/1493 1153/1707/1393 1152/1709/1389
f 1270/1708/1493 1152/1709/1389 1271/1710/1495
f 1271/1710/1495 1152/1709/1389 1151/1711/1388
f 1070/1712/1307 1400/1713/1617 1071/1714/1308
f 1071/1714/1308 1400/1713/1617 1401/1715/1618
f 1071/1714/1308 1401/1715/1618 1402/1716/1619
f 1402/1716/1619 1401/1715/1618 1406/1717/1620
f 1402/1716/1619 1406/1717/1620 1407/1718/1621
f 1407/1718/1621 1406/1717/1620 1411/1719/1622
f 1407/1718/1621 1411/1719/1622 1240/1720/1478
f 1240/1720/1478 1411/1719/1622 1241/1721/1480
f 1241/1721/1480 1411/1719/1622 1415/1722/1623
f 1241/1721/1480 1415/1722/1623 1242/1723/1442
f 1242/1723/1442 1415/1722/1623 1419/1724/1624
f 1242/1723/1442 1419/1724/1624 1225/1725/1443
f 1225/1725/1443 1419/1724/1624 1418/1726/1625
f 1225/1725/1443 1418/1726/1625 1417/1727/1626
f 1417/1727/1626 1418/1726/1625 1413/1728/1627
f 1417/1727/1626 1413/1728/1627 1412/1729/1628
f 1412/1729/1628 1413/1728/1627 1408/1730/1629
f 1412/1729/1628 1408/1730/1629 1068/1731/1301
f 1068/1731/1301 1408/1730/1629 1069/1732/1303
f 1069/1732/1303 1408/1730/1629 1404/1733/1630
f 1069/1732/1303 1404/1733/1630 1070/1712/1307
f 1070/1712/1307 1404/1733/1630 1400/1713/1617
f 1068/1731/1301 1067/1734/1298 1412/1729/1628
f 1412/1729/1628 1067/1734/1298 1416/1735/1631
f 1412/1729/1628 1416/1735/1631 1417/1727/1626
f 1417/1727/1626 1416/1735/1631 1065/1736/1284
f 1417/1727/1626 1065/1736/1284 1225/1725/1443
f 1067/1734/1298 1066/1737/1282 1416/1735/1631
f 1416/1735/1631 1066/1737/1282 1065/1736/1284
f 1240/1720/1478 1239/1738/1476 1407/1718/1621
f 1407/1718/1621 1239/1738/1476 1403/1739/1632
f 1407/1718/1621 1403/1739/1632 1402/1716/1619
f 1402/1716/1619 1403/1739/1632 1237/1740/1473
f 1402/1716/1619 1237/1740/1473 1071/1714/1308
f 1239/1738/1476 1238/1741/1474 1403/1739/1632
f 1403/1739/1632 1238/1741/1474 1237/1740/1473
f 1401/1715/1618 1400/1713/1617 1405/1742/1633
f 1405/1742/1633 1400/1713/1617 1404/1733/1630
f 1405/1742/1633 1404/1733/1630 1409/1743/1634
f 1409/1743/1634 1404/1733/1630 1408/1730/1629
f 1409/1743/1634 1408/1730/1629 1413/1728/1627
f 1401/1715/1618 1405/1742/1633 1406/1717/1620
f 1406/1717/1620 1405/1742/1633 1410/1744/1635
f 1406/1717/1620 1410/1744/1635 1411/1719/1622
f 1411/1719/1622 1410/1744/1635 1415/1722/1623
f 1410/1744/1635 1405/1742/1633 1409/1743/1634
f 1410/1744/1635 1409/1743/1634 1414/1745/1636
f 1414/1745/1636 1409/1743/1634 1413/1728/1627
f 1414/1745/1636 1413/1728/1627 1418/1726/1625
f 1419/1724/1624 1415/1722/1623 1414/1745/1636
f 1414/1745/1636 1415/1722/1623 1410/1744/1635
f 1419/1724/1624 1414/1745/1636 1418/1726/1625
f 1230/1746/1464 1420/1747/1637 1231/1748/1463
f 1231/1748/1463 1420/1747/1637 1421/1749/1638
f 1231/1748/1463 1421/1749/1638 1157/1750/1397
f 1157/1750/1397 1421/1749/1638 1422/1751/1639
f 1157/1750/1397 1422/1751/1639 1158/1752/1398
f 1158/1752/1398 1422/1751/1639 1159/1753/1400
f 1159/1753/1400 1422/1751/1639 1425/1754/1640
f 1159/1753/1400 1425/1754/1640 1160/1755/1401
f 1160/1755/1401 1425/1754/1640 1428/1756/1641
f 1160/1755/1401 1428/1756/1641 1161/1757/1367
f 1161/1757/1367 1428/1756/1641 1431/1758/1642
f 1161/1757/1367 1431/1758/1642 1162/1759/1366
f 1162/1759/1366 1431/1758/1642 1434/1760/1643
f 1162/1759/1366 1434/1760/1643 1145/1761/1364
f 1145/1761/1364 1434/1760/1643 1433/1762/1644
f 1145/1761/1364 1433/1762/1644 1225/1763/1443
f 1225/1763/1443 1433/1762/1644 1432/1764/1645
f 1225/1763/1443 1432/1764/1645 1226/1765/1445
f 1226/1765/1445 1432/1764/1645 1227/1766/1447
f 1227/1766/1447 1432/1764/1645 1429/1767/1646
f 1227/1766/1447 1429/1767/1646 1228/1768/1468
f 1228/1768/1468 1429/1767/1646 1426/1769/1647
f 1228/1768/1468 1426/1769/1647 1229/1770/1465
f 1229/1770/1465 1426/1769/1647 1423/1771/1648
f 1229/1770/1465 1423/1771/1648 1230/1746/1464
f 1230/1746/1464 1423/1771/1648 1420/1747/1637
f 1425/1754/1640 1422/1751/1639 1421/1749/1638
f 1421/1749/1638 1420/1747/1637 1424/1772/1649
f 1424/1772/1649 1420/1747/1637 1423/1771/1648
f 1424/1772/1649 1423/1771/1648 1427/1773/1650
f 1427/1773/1650 1423/1771/1648 1426/1769/1647
f 1427/1773/1650 1426/1769/1647 1430/1774/1651
f 1430/1774/1651 1426/1769/1647 1429/1767/1646
f 1430/1774/1651 1429/1767/1646 1433/1762/1644
f 1433/1762/1644 1429/1767/1646 1432/1764/1645
f 1428/1756/1641 1425/1754/1640 1424/1772/1649
f 1424/1772/1649 1425/1754/1640 1421/1749/1638
f 1428/1756/1641 1424/1772/1649 1427/1773/1650
f 1431/1758/1642 1428/1756/1641 1427/1773/1650
f 1431/1758/1642 1427/1773/1650 1430/1774/1651
f 1434/1760/1643 1431/1758/1642 1430/1774/1651
f 1434/1760/1643 1430/1774/1651 1433/1762/1644
f 1202/1775/1406 1435/1776/1652 1185/1777/1404
f 1185/1777/1404 1435/1776/1652 1436/1778/1653
f 1185/1777/1404 1436/1778/1653 1111/1779/1343
f 1111/1779/1343 1436/1778/1653 1437/1780/1654
f 1111/1779/1343 1437/1780/1654 1112/1781/1349
f 1112/1781/1349 1437/1780/1654 1113/1782/1339
f 1113/1782/1339 1437/1780/1654 1440/1783/1655
f 1113/1782/1339 1440/1783/1655 1114/1784/1337
f 1114/1784/1337 1440/1783/1655 1443/1785/1656
f 1114/1784/1337 1443/1785/1656 1115/1786/1336
f 1115/1786/1336 1443/1785/1656 1446/1787/1657
f 1115/1786/1336 1446/1787/1657 1116/1788/1351
f 1116/1788/1351 1446/1787/1657 1449/1789/1658
f 1116/1788/1351 1449/1789/1658 1117/1790/1353
f 1117/1790/1353 1449/1789/1658 1448/1791/1659
f 1117/1790/1353 1448/1791/1659 1197/1792/1437
f 1197/1792/1437 1448/1791/1659 1447/1793/1660
f 1197/1792/1437 1447/1793/1660 1198/1794/1438
f 1198/1794/1438 1447/1793/1660 1199/1795/1440
f 1199/1795/1440 1447/1793/1660 1444/1796/1661
f 1199/1795/1440 1444/1796/1661 1200/1797/1441
f 1200/1797/1441 1444/1796/1661 1441/1798/1662
f 1200/1797/1441 1441/1798/1662 1201/1799/1407
f 1201/1799/1407 1441/1798/1662 1438/1800/1663
f 1201/1799/1407 1438/1800/1663 1202/1775/1406
f 1202/1775/1406 1438/1800/1663 1435/1776/1652
f 1440/1783/1655 1437/1780/1654 1436/1778/1653
f 1436/1778/1653 1435/1776/1652 1439/1801/1664
f 1439/1801/1664 1435/1776/1652 1438/1800/1663
f 1439/1801/1664 1438/1800/1663 1442/1802/1665
f 1442/1802/1665 1438/1800/1663 1441/1798/1662
f 1442/1802/1665 1441/1798/1662 1445/1803/1666
f 1445/1803/1666 1441/1798/1662 1444/1796/1661
f 1445/1803/1666 1444/1796/1661 1448/1791/1659
f 1448/1791/1659 1444/1796/1661 1447/1793/1660
f 1443/1785/1656 1440/1783/1655 1439/1801/1664
f 1439/1801/1664 1440/1783/1655 1436/1778/1653
f 1443/1785/1656 1439/1801/1664 1442/1802/1665
f 1446/1787/1657 1443/1785/1656 1442/1802/1665
f 1446/1787/1657 1442/1802/1665 1445/1803/1666
f 1449/1789/1658 1446/1787/1657 1445/1803/1666
f 1449/1789/1658 1445/1803/1666 1448/1791/1659
f 1185/1804/1404 1077/1805/1317 1186/1806/1402
f 1186/1806/1402 1077/1805/1317 1076/1807/1297
f 1186/1806/1402 1076/1807/1297 1187/1808/1418
f 1187/1808/1418 1076/1807/1297 1075/1809/1296
f 1187/1808/1418 1075/1809/1296 1188/1810/1421
f 1188/1810/1421 1075/1809/1296 1074/1811/1315
f 1188/1810/1421 1074/1811/1315 1189/1812/1423
f 1189/1812/1423 1074/1811/1315 1073/1813/1313
f 1189/1812/1423 1073/1813/1313 1190/1814/1427
f 1190/1814/1427 1073/1813/1313 1072/1815/1309
f 1190/1814/1427 1072/1815/1309 1191/1816/1428
f 1191/1816/1428 1072/1815/1309 1071/1817/1308
f 1150/1818/1387 1450/1819/1667 1151/1820/1388
f 1151/1820/1388 1450/1819/1667 1451/1821/1668
f 1151/1820/1388 1451/1821/1668 1452/1822/1669
f 1452/1822/1669 1451/1821/1668 1456/1823/1670
f 1452/1822/1669 1456/1823/1670 1457/1824/1671
f 1457/1824/1671 1456/1823/1670 1461/1825/1672
f 1457/1824/1671 1461/1825/1672 1040/1826/1268
f 1040/1826/1268 1461/1825/1672 1041/1827/1267
f 1041/1827/1267 1461/1825/1672 1465/1828/1673
f 1041/1827/1267 1465/1828/1673 1042/1829/1242
f 1042/1829/1242 1465/1828/1673 1469/1830/1674
f 1042/1829/1242 1469/1830/1674 1025/1831/1243
f 1025/1831/1243 1469/1830/1674 1468/1832/1675
f 1025/1831/1243 1468/1832/1675 1467/1833/1676
f 1467/1833/1676 1468/1832/1675 1463/1834/1677
f 1467/1833/1676 1463/1834/1677 1462/1835/1678
f 1462/1835/1678 1463/1834/1677 1458/1836/1679
f 1462/1835/1678 1458/1836/1679 1148/1837/1381
f 1148/1837/1381 1458/1836/1679 1149/1838/1383
f 1149/1838/1383 1458/1836/1679 1454/1839/1680
f 1149/1838/1383 1454/1839/1680 1150/1818/1387
f 1150/1818/1387 1454/1839/1680 1450/1819/1667
f 1148/1837/1381 1147/1840/1378 1462/1835/1678
f 1462/1835/1678 1147/1840/1378 1466/1841/1681
f 1462/1835/1678 1466/1841/1681 1467/1833/1676
f 1467/1833/1676 1466/1841/1681 1145/1842/1364
f 1467/1833/1676 1145/1842/1364 1025/1831/1243
f 1147/1840/1378 1146/1843/1362 1466/1841/1681
f 1466/1841/1681 1146/1843/1362 1145/1842/1364
f 1040/1826/1268 1039/1844/1270 1457/1824/1671
f 1457/1824/1671 1039/1844/1270 1453/1845/1682
f 1457/1824/1671 1453/1845/1682 1452/1822/1669
f 1452/1822/1669 1453/1845/1682 1037/1846/1274
f 1452/1822/1669 1037/1846/1274 1151/1820/1388
f 1039/1844/1270 1038/1847/1280 1453/1845/1682
f 1453/1845/1682 1038/1847/1280 1037/1846/1274
f 1451/1821/1668 1450/1819/1667 1455/1848/1683
f 1455/1848/1683 1450/1819/1667 1454/1839/1680
f 1455/1848/1683 1454/1839/1680 1459/1849/1684
f 1459/1849/1684 1454/1839/1680 1458/1836/1679
f 1459/1849/1684 1458/1836/1679 1463/1834/1677
f 1451/1821/1668 1455/1848/1683 1456/1823/1670
f 1456/1823/1670 1455/1848/1683 1460/1850/1685
f 1456/1823/1670 1460/1850/1685 1461/1825/1672
f 1461/1825/1672 1460/1850/1685 1465/1828/1673
f 1460/1850/1685 1455/1848/1683 1459/1849/1684
f 1460/1850/1685 1459/1849/1684 1464/1851/1686
f 1464/1851/1686 1459/1849/1684 1463/1834/1677
f 1464/1851/1686 1463/1834/1677 1468/1832/1675
f 1469/1830/1674 1465/1828/1673 1464/1851/1686
f 1464/1851/1686 1465/1828/1673 1460/1850/1685
f 1469/1830/1674 1464/1851/1686 1468/1832/1675
f 1105/1852/1323 1037/1853/1274 1106/1854/1325
f 1106/1854/1325 1037/1853/1274 1036/1855/1275
f 1106/1854/1325 1036/1855/1275 1107/1856/1327
f 1107/1856/1327 1036/1855/1275 1035/1857/1276
f 1107/1856/1327 1035/1857/1276 1108/1858/1348
f 1108/1858/1348 1035/1857/1276 1034/1859/1279
f 1108/1858/1348 1034/1859/1279 1109/1860/1345
f 1109/1860/1345 1034/1859/1279 1033/1861/1258
f 1109/1860/1345 1033/1861/1258 1110/1862/1344
f 1110/1862/1344 1033/1861/1258 1032/1863/1256
f 1110/1862/1344 1032/1863/1256 1111/1864/1343
f 1111/1864/1343 1032/1863/1256 1031/1865/1255
f 1030/1866/1253 1470/1867/1687 1031/1868/1255
f 1031/1868/1255 1470/1867/1687 1471/1869/1688
f 1031/1868/1255 1471/1869/1688 1077/1870/1317
f 1077/1870/1317 1471/1869/1688 1472/1871/1689
f 1077/1870/1317 1472/1871/1689 1078/1872/1318
f 1078/1872/1318 1472/1871/1689 1079/1873/1320
f 1079/1873/1320 1472/1871/1689 1475/1874/1690
f 1079/1873/1320 1475/1874/1690 1080/1875/1321
f 1080/1875/1321 1475/1874/1690 1478/1876/1691
f 1080/1875/1321 1478/1876/1691 1081/1877/1287
f 1081/1877/1287 1478/1876/1691 1481/1878/1692
f 1081/1877/1287 1481/1878/1692 1082/1879/1286
f 1082/1879/1286 1481/1878/1692 1484/1880/1693
f 1082/1879/1286 1484/1880/1693 1065/1881/1284
f 1065/1881/1284 1484/1880/1693 1483/1882/1694
f 1065/1881/1284 1483/1882/1694 1025/1883/1243
f 1025/1883/1243 1483/1882/1694 1482/1884/1695
f 1025/1883/1243 1482/1884/1695 1026/1885/1245
f 1026/1885/1245 1482/1884/1695 1027/1886/1247
f 1027/1886/1247 1482/1884/1695 1479/1887/1696
f 1027/1886/1247 1479/1887/1696 1028/1888/1249
f 1028/1888/1249 1479/1887/1696 1476/1889/1697
f 1028/1888/1249 1476/1889/1697 1029/1890/1251
f 1029/1890/1251 1476/1889/1697 1473/1891/1698
f 1029/1890/1251 1473/1891/1698 1030/1866/1253
f 1030/1866/1253 1473/1891/1698 1470/1867/1687
f 1475/1874/1690 1472/1871/1689 1471/1869/1688
f 1471/1869/1688 1470/1867/1687 1474/1892/1699
f 1474/1892/1699 1470/1867/1687 1473/1891/1698
f 1474/1892/1699 1473/1891/1698 1477/1893/1700
f 1477/1893/1700 1473/1891/1698 1476/1889/1697
f 1477/1893/1700 1476/1889/1697 1480/1894/1701
f 1480/1894/1701 1476/1889/1697 1479/1887/1696
f 1480/1894/1701 1479/1887/1696 1483/1882/1694
f 1483/1882/1694 1479/1887/1696 1482/1884/1695
f 1478/1876/1691 1475/1874/1690 1474/1892/1699
f 1474/1892/1699 1475/1874/1690 1471/1869/1688
f 1478/1876/1691 1474/1892/1699 1477/1893/1700
f 1481/1878/1692 1478/1876/1691 1477/1893/1700
f 1481/1878/1692 1477/1893/1700 1480/1894/1701
f 1484/1880/1693 1481/1878/1692 1480/1894/1701
f 1484/1880/1693 1480/1894/1701 1483/1882/1694
f 809/1895/1702 1271/1896/1495 778/1897/1703
f 778/1897/1703 1271/1896/1495 1151/1898/1388
f 778/1897/1703 1151/1898/1388 779/1899/1704
f 779/1899/1704 1151/1898/1388 780/1900/1705
f 780/1900/1705 1151/1898/1388 781/1901/1706
f 781/1901/1706 1151/1898/1388 782/1902/1707
f 782/1902/1707 1151/1898/1388 783/1903/1708
f 783/1903/1708 1151/1898/1388 784/1904/1709
f 784/1904/1709 1151/1898/1388 785/1905/1710
f 785/1905/1710 1151/1898/1388 1037/1906/1274
f 785/1905/1710 1037/1906/1274 786/1907/1711
f 786/1907/1711 1037/1906/1274 787/1908/1712
f 787/1908/1712 1037/1906/1274 788/1909/1713
f 788/1909/1713 1037/1906/1274 789/1910/1714
f 789/1910/1714 1037/1906/1274 790/1911/1715
f 790/1911/1715 1037/1906/1274 791/1912/1716
f 791/1912/1716 1037/1906/1274 792/1913/1717
f 792/1913/1717 1037/1906/1274 793/1914/1718
f 793/1914/1718 1037/1906/1274 794/1915/1719
f 794/1915/1719 1037/1906/1274 1105/1916/1323
f 794/1915/1719 1105/1916/1323 795/1917/1720
f 795/1917/1720 1105/1916/1323 796/1918/1721
f 796/1918/1721 1105/1916/1323 797/1919/1722
f 797/1919/1722 1105/1916/1323 798/1920/1723
f 798/1920/1723 1105/1916/1323 799/1921/1724
f 799/1921/1724 1105/1916/1323 800/1922/1725
f 800/1922/1725 1105/1916/1323 801/1923/1726
f 801/1923/1726 1105/1916/1323 802/1924/1727
f 802/1924/1727 1105/1916/1323 803/1925/1728
f 803/1925/1728 1105/1916/1323 1271/1896/1495
f 803/1925/1728 1271/1896/1495 804/1926/1729
f 804/1926/1729 1271/1896/1495 805/1927/1730
f 805/1927/1730 1271/1896/1495 806/1928/1731
f 806/1928/1731 1271/1896/1495 807/1929/1732
f 807/1929/1732 1271/1896/1495 808/1930/1733
f 808/1930/1733 1271/1896/1495 809/1895/1702
f 1337/1931/1577 1191/1932/1428 1237/1933/1473
f 1237/1933/1473 1191/1932/1428 1071/1934/1308
f 1197/1935/1437 1331/1936/1568 1117/1937/1353
f 1117/1937/1353 1331/1936/1568 1277/1938/1514
f 1231/1939/1463 1157/1940/1397 1325/1941/1544
f 1325/1941/1544 1157/1940/1397 1265/1942/1483
f 1065/1943/1284 1025/1944/1243 1225/1945/1443
f 1225/1945/1443 1025/1944/1243 1145/1946/1364
f 777/1947/1734 1077/1948/1317 746/1949/1735
f 746/1949/1735 1077/1948/1317 1185/1950/1404
f 746/1949/1735 1185/1950/1404 747/1951/1736
f 747/1951/1736 1185/1950/1404 748/1952/1737
f 748/1952/1737 1185/1950/1404 749/1953/1738
f 749/1953/1738 1185/1950/1404 750/1954/1739
f 750/1954/1739 1185/1950/1404 751/1955/1740
f 751/1955/1740 1185/1950/1404 752/1956/1741
f 752/1956/1741 1185/1950/1404 753/1957/1742
f 753/1957/1742 1185/1950/1404 1111/1958/1343
f 753/1957/1742 1111/1958/1343 754/1959/1743
f 754/1959/1743 1111/1958/1343 755/1960/1744
f 755/1960/1744 1111/1958/1343 756/1961/1745
f 756/1961/1745 1111/1958/1343 757/1962/1746
f 757/1962/1746 1111/1958/1343 758/1963/1747
f 758/1963/1747 1111/1958/1343 759/1964/1748
f 759/1964/1748 1111/1958/1343 760/1965/1749
f 760/1965/1749 1111/1958/1343 761/1966/1750
f 761/1966/1750 1111/1958/1343 762/1967/1751
f 762/1967/1751 1111/1958/1343 1031/1968/1255
f 762/1967/1751 1031/1968/1255 763/1969/1752
f 763/1969/1752 1031/1968/1255 764/1970/1753
f 764/1970/1753 1031/1968/1255 765/1971/1754
f 765/1971/1754 1031/1968/1255 766/1972/1755
f 766/1972/1755 1031/1968/1255 767/1973/1756
f 767/1973/1756 1031/1968/1255 768/1974/1757
f 768/1974/1757 1031/1968/1255 769/1975/1758
f 769/1975/1758 1031/1968/1255 770/1976/1759
f 770/1976/1759 1031/1968/1255 771/1977/1760
f 771/1977/1760 1031/1968/1255 1077/1948/1317
f 771/1977/1760 1077/1948/1317 772/1978/1761
f 772/1978/1761 1077/1948/1317 773/1979/1762
f 773/1979/1762 1077/1948/1317 774/1980/1763
f 774/1980/1763 1077/1948/1317 775/1981/1764
f 775/1981/1764 1077/1948/1317 776/1982/1765
f 776/1982/1765 1077/1948/1317 777/1947/1734
g Body2

v 1.618737 0.451010 7.300000
v 0.390491 0.451010 7.300000
v 0.290491 0.351010 7.200000
v 1.718737 0.351010 7.200000
v 0.390491 1.098274 7.300000
v 0.290491 1.198274 7.200000
v 1.618737 1.098274 7.300000
v 1.718737 1.198274 7.200000
v 1.718737 0.351010 7.000000
v 1.718737 1.198274 7.000000
v 0.290491 0.351010 7.000000
v 0.290491 1.198274 7.000000
vt 0.971185 0.070711 0.000000
vt -0.257062 0.070711 0.000000
vt 1.071185 -0.070711 0.000000
vt -0.357062 -0.070711 0.000000
vt 0.070711 -0.535449 0.000000
vt 0.070711 0.111816 0.000000
vt -0.070711 -0.635449 0.000000
vt -0.070711 0.211816 0.000000
vt -0.971185 -0.070711 0.000000
vt 0.257062 -0.070711 0.000000
vt -1.071185 0.070711 0.000000
vt 0.357062 0.070711 0.000000
vt 0.070711 0.635449 0.000000
vt -0.070711 0.535449 0.000000
vt 0.070711 -0.211816 0.000000
vt -0.070711 -0.111816 0.000000
vt 0.847265 0.200000 0.000000
vt 0.000000 0.200000 0.000000
vt 0.847265 0.000000 0.000000
vt 0.000000 0.000000 0.000000
vt 1.428246 0.200000 0.000000
vt 0.000000 0.200000 0.000000
vt 1.428246 0.000000 0.000000
vt 0.000000 0.000000 0.000000
vt -0.614123 -0.323632 0.000000
vt 0.614123 -0.323632 0.000000
vt -0.614123 0.323632 0.000000
vt 0.614123 0.323632 0.000000
vt 0.847265 0.200000 0.000000
vt -0.000000 0.200000 0.000000
vt 0.847265 0.000000 0.000000
vt -0.000000 0.000000 0.000000
vt 1.428246 0.200000 0.000000
vt -0.000000 0.200000 0.000000
vt 1.428246 0.000000 0.000000
vt -0.000000 0.000000 0.000000
vt 0.714123 0.423632 0.000000
vt -0.714123 0.423632 0.000000
vt 0.714123 -0.423632 0.000000
vt -0.714123 -0.423632 0.000000
vn 0.000000 -0.707107 0.707107
vn 0.000000 -0.707107 0.707107
vn 0.000000 -0.707107 0.707107
vn 0.000000 -0.707107 0.707107
vn -0.707107 0.000000 0.707107
vn -0.707107 0.000000 0.707107
vn -0.707107 0.000000 0.707107
vn -0.707107 0.000000 0.707107
vn 0.000000 0.707107 0.707107
vn 0.000000 0.707107 0.707107
vn 0.000000 0.707107 0.707107
vn 0.000000 0.707107 0.707107
vn 0.707107 0.000000 0.707107
vn 0.707107 0.000000 0.707107
vn 0.707107 0.000000 0.707107
vn 0.707107 0.000000 0.707107
vn 1.000000 0.000000 -0.000000
vn 1.000000 0.000000 -0.000000
vn 1.000000 0.000000 -0.000000
vn 1.000000 0.000000 -0.000000
vn 0.000000 -1.000000 0.000000
vn 0.000000 -1.000000 0.000000
vn 0.000000 -1.000000 0.000000
vn 0.000000 -1.000000 0.000000
vn 0.000000 0.000000 1.000000
vn 0.000000 0.000000 1.000000
vn 0.000000 0.000000 1.000000
vn 0.000000 0.000000 1.000000
vn -1.000000 0.000000 0.000000
vn -1.000000 0.000000 0.000000
vn -1.000000 0.000000 0.000000
vn -1.000000 0.000000 0.000000
vn 0.000000 1.000000 0.000000
vn 0.000000 1.000000 0.000000
vn 0.000000 1.000000 0.000000
vn 0.000000 1.000000 0.000000
vn -0.000000 -0.000000 -1.000000
vn -0.000000 -0.000000 -1.000000
vn -0.000000 -0.000000 -1.000000
vn -0.000000 -0.000000 -1.000000
f 1485/1983/1766 1486/1984/1767 1488/1985/1768
f 1488/1985/1768 1486/1984/1767 1487/1986/1769
f 1486/1987/1770 1489/1988/1771 1487/1989/1772
f 1487/1989/1772 1489/1988/1771 1490/1990/1773
f 1489/1991/1774 1491/1992/1775 1490/1993/1776
f 1490/1993/1776 1491/1992/1775 1492/1994/1777
f 1492/1995/1778 1491/1996/1779 1488/1997/1780
f 1488/1997/1780 1491/1996/1779 1485/1998/1781
f 1492/1999/1782 1488/2000/1783 1494/2001/1784
f 1494/2001/1784 1488/2000/1783 1493/2002/1785
f 1488/2003/1786 1487/2004/1787 1493/2005/1788
f 1493/2005/1788 1487/2004/1787 1495/2006/1789
f 1486/2007/1790 1485/2008/1791 1489/2009/1792
f 1489/2009/1792 1485/2008/1791 1491/2010/1793
f 1487/2011/1794 1490/2012/1795 1495/2013/1796
f 1495/2013/1796 1490/2012/1795 1496/2014/1797
f 1490/2015/1798 1492/2016/1799 1496/2017/1800
f 1496/2017/1800 1492/2016/1799 1494/2018/1801
f 1493/2019/1802 1495/2020/1803 1494/2021/1804
f 1494/2021/1804 1495/2020/1803 1496/2022/1805
g Body3

v 3.618737 1.098274 7.300000
v 3.618737 0.451010 7.300000
v 3.718737 0.351010 7.200000
v 3.718737 1.198274 7.200000
v 2.390491 0.451010 7.300000
v 2.290491 0.351010 7.200000
v 2.390491 1.098274 7.300000
v 2.290491 1.198274 7.200000
v 3.718737 1.198274 7.000000
v 2.290491 1.198274 7.000000
v 3.718737 0.351010 7.000000
v 2.290491 0.351010 7.000000
vt -0.070711 -0.111816 0.000000
vt 0.070711 -0.211816 0.000000
vt -0.070711 0.535449 0.000000
vt 0.070711 0.635449 0.000000
vt 0.971185 0.070711 0.000000
vt -0.257062 0.070711 0.000000
vt 1.071185 -0.070711 0.000000
vt -0.357062 -0.070711 0.000000
vt 0.070711 -0.535449 0.000000
vt 0.070711 0.111816 0.000000
vt -0.070711 -0.635449 0.000000
vt -0.070711 0.211816 0.000000
vt 0.357062 0.070711 0.000000
vt -1.071185 0.070711 0.000000
vt 0.257062 -0.070711 0.000000
vt -0.971185 -0.070711 0.000000
vt 1.428246 0.200000 0.000000
vt -0.000000 0.200000 0.000000
vt 1.428246 0.000000 0.000000
vt -0.000000 0.000000 0.000000
vt 0.847265 0.200000 0.000000
vt 0.000000 0.200000 0.000000
vt 0.847265 0.000000 0.000000
vt 0.000000 0.000000 0.000000
vt 0.614123 0.323632 0.000000
vt -0.614123 0.323632 0.000000
vt 0.614123 -0.323632 0.000000
vt -0.614123 -0.323632 0.000000
vt 0.847265 0.200000 0.000000
vt -0.000000 0.200000 0.000000
vt 0.847265 0.000000 0.000000
vt -0.000000 0.000000 0.000000
vt 1.428246 0.200000 0.000000
vt 0.000000 0.200000 0.000000
vt 1.428246 0.000000 0.000000
vt 0.000000 0.000000 0.000000
vt 0.714123 0.423632 0.000000
vt -0.714123 0.423632 0.000000
vt 0.714123 -0.423632 0.000000
vt -0.714123 -0.423632 0.000000
vn 0.707107 -0.000000 0.707107
vn 0.707107 -0.000000 0.707107
vn 0.707107 -0.000000 0.707107
vn 0.707107 -0.000000 0.707107
vn 0.000000 -0.707107 0.707107
vn 0.000000 -0.707107 0.707107
vn 0.000000 -0.707107 0.707107
vn 0.000000 -0.707107 0.707107
vn -0.707107 0.000000 0.707107
vn -0.707107 0.000000 0.707107
vn -0.707107 0.000000 0.707107
vn -0.707107 0.000000 0.707107
vn 0.000000 0.707107 0.707107
vn 0.000000 0.707107 0.707107
vn 0.000000 0.707107 0.707107
vn 0.000000 0.707107 0.707107
vn 0.000000 1.000000 0.000000
vn 0.000000 1.000000 0.000000
vn 0.000000 1.000000 0.000000
vn 0.000000 1.000000 0.000000
vn 1.000000 0.000000 0.000000
vn 1.000000 0.000000 0.000000
vn 1.000000 0.000000 0.000000
vn 1.000000 0.000000 0.000000
vn 0.000000 0.000000 1.000000
vn 0.000000 0.000000 1.000000
vn 0.000000 0.000000 1.000000
vn 0.000000 0.000000 1.000000
vn -1.000000 0.000000 0.000000
vn -1.000000 0.000000 0.000000
vn -1.000000 0.000000 0.000000
vn -1.000000 0.000000 0.000000
vn 0.000000 -1.000000 0.000000
vn 0.000000 -1.000000 0.000000
vn 0.000000 -1.000000 0.000000
vn 0.000000 -1.000000 0.000000
vn -0.000000 -0.000000 -1.000000
vn -0.000000 -0.000000 -1.000000
vn -0.000000 -0.000000 -1.000000
vn -0.000000 -0.000000 -1.000000
f 1498/2023/1806 1499/2024/1807 1497/2025/1808
f 1497/2025/1808 1499/2024/1807 1500/2026/1809
f 1498/2027/1810 1501/2028/1811 1499/2029/1812
f 1499/2029/1812 1501/2028/1811 1502/2030/1813
f 1501/2031/1814 1503/2032/1815 1502/2033/1816
f 1502/2033/1816 1503/2032/1815 1504/2034/1817
f 1500/2035/1818 1504/2036/1819 1497/2037/1820
f 1497/2037/1820 1504/2036/1819 1503/2038/1821
f 1504/2039/1822 1500/2040/1823 1506/2041/1824
f 1506/2041/1824 1500/2040/1823 1505/2042/1825
f 1500/2043/1826 1499/2044/1827 1505/2045/1828
f 1505/2045/1828 1499/2044/1827 1507/2046/1829
f 1497/2047/1830 1503/2048/1831 1498/2049/1832
f 1498/2049/1832 1503/2048/1831 1501/2050/1833
f 1502/2051/1834 1504/2052/1835 1508/2053/1836
f 1508/2053/1836 1504/2052/1835 1506/2054/1837
f 1499/2055/1838 1502/2056/1839 1507/2057/1840
f 1507/2057/1840 1502/2056/1839 1508/2058/1841
f 1507/2059/1842 1508/2060/1843 1505/2061/1844
f 1505/2061/1844 1508/2060/1843 1506/2062/1845
g Body8

v 0.000000 1.000000 6.500000
v 0.000000 1.000000 5.500000
v -0.300000 1.000000 5.500000
v -0.300000 1.000000 6.500000
v 0.000000 0.500000 6.500000
v -0.300000 0.500000 6.500000
v 0.000000 0.500000 5.500000
v -0.300000 0.500000 5.500000
vt -0.000000 0.000000 0.000000
vt 1.000000 0.000000 0.000000
vt 0.000000 0.300000 0.000000
vt 1.000000 0.300000 0.000000
vt 0.000000 0.000000 0.000000
vt 0.500000 0.000000 0.000000
vt 0.000000 0.300000 0.000000
vt 0.500000 0.300000 0.000000
vt 0.000000 0.000000 0.000000
vt 1.000000 0.000000 0.000000
vt 0.000000 0.300000 0.000000
vt 1.000000 0.300000 0.000000
vt -0.000000 0.000000 0.000000
vt 0.500000 0.000000 0.000000
vt 0.000000 0.300000 0.000000
vt 0.500000 0.300000 0.000000
vt -0.500000 -0.250000 0.000000
vt 0.500000 -0.250000 0.000000
vt -0.500000 0.250000 0.000000
vt 0.500000 0.250000 0.000000
vt -0.250000 -0.500000 0.000000
vt 0.250000 -0.500000 0.000000
vt -0.250000 0.500000 0.000000
vt 0.250000 0.500000 0.000000
vn 0.000000 1.000000 -0.000000
vn 0.000000 1.000000 -0.000000
vn 0.000000 1.000000 -0.000000
vn 0.000000 1.000000 -0.000000
vn 0.000000 0.000000 1.000000
vn 0.000000 0.000000 1.000000
vn 0.000000 0.000000 1.000000
vn 0.000000 0.000000 1.000000
vn -0.000000 -1.000000 -0.000000
vn -0.000000 -1.000000 -0.000000
vn -0.000000 -1.000000 -0.000000
vn -0.000000 -1.000000 -0.000000
vn 0.000000 0.000000 -1.000000
vn 0.000000 0.000000 -1.000000
vn 0.000000 0.000000 -1.000000
vn 0.000000 0.000000 -1.000000
vn -1.000000 0.000000 0.000000
vn -1.000000 0.000000 0.000000
vn -1.000000 0.000000 0.000000
vn -1.000000 0.000000 0.000000
vn 1.000000 -0.000000 -0.000000
vn 1.000000 -0.000000 -0.000000
vn 1.000000 -0.000000 -0.000000
vn 1.000000 -0.000000 -0.000000
f 1509/2063/1846 1510/2064/1847 1512/2065/1848
f 1512/2065/1848 1510/2064/1847 1511/2066/1849
f 1513/2067/1850 1509/2068/1851 1514/2069/1852
f 1514/2069/1852 1509/2068/1851 1512/2070/1853
f 1515/2071/1854 1513/2072/1855 1516/2073/1856
f 1516/2073/1856 1513/2072/1855 1514/2074/1857
f 1510/2075/1858 1515/2076/1859 1511/2077/1860
f 1511/2077/1860 1515/2076/1859 1516/2078/1861
f 1516/2079/1862 1514/2080/1863 1511/2081/1864
f 1511/2081/1864 1514/2080/1863 1512/2082/1865
f 1515/2083/1866 1510/2084/1867 1513/2085/1868
f 1513/2085/1868 1510/2084/1867 1509/2086/1869
g Body7

v 0.000000 1.000000 5.000000
v 0.000000 1.000000 4.000000
v -0.300000 1.000000 4.000000
v -0.300000 1.000000 5.000000
v 0.000000 0.500000 5.000000
v -0.300000 0.500000 5.000000
v 0.000000 0.500000 4.000000
v -0.300000 0.500000 4.000000
vt -0.000000 0.000000 0.000000
vt 1.000000 0.000000 0.000000
vt 0.000000 0.300000 0.000000
vt 1.000000 0.300000 0.000000
vt 0.000000 0.000000 0.000000
vt 0.500000 0.000000 0.000000
vt 0.000000 0.300000 0.000000
vt 0.500000 0.300000 0.000000
vt 0.000000 0.000000 0.000000
vt 1.000000 0.000000 0.000000
vt 0.000000 0.300000 0.000000
vt 1.000000 0.300000 0.000000
vt -0.000000 0.000000 0.000000
vt 0.500000 0.000000 0.000000
vt 0.000000 0.300000 0.000000
vt 0.500000 0.300000 0.000000
vt -0.500000 -0.250000 0.000000
vt 0.500000 -0.250000 0.000000
vt -0.500000 0.250000 0.000000
vt 0.500000 0.250000 0.000000
vt -0.250000 -0.500000 0.000000
vt 0.250000 -0.500000 0.000000
vt -0.250000 0.500000 0.000000
vt 0.250000 0.500000 0.000000
vn 0.000000 1.000000 -0.000000
vn 0.000000 1.000000 -0.000000
vn 0.000000 1.000000 -0.000000
vn 0.000000 1.000000 -0.000000
vn 0.000000 0.000000 1.000000
vn 0.000000 0.000000 1.000000
vn 0.000000 0.000000 1.000000
vn 0.000000 0.000000 1.000000
vn -0.000000 -1.000000 -0.000000
vn -0.000000 -1.000000 -0.000000
vn -0.000000 -1.000000 -0.000000
vn -0.000000 -1.000000 -0.000000
vn 0.000000 0.000000 -1.000000
vn 0.000000 0.000000 -1.000000
vn 0.000000 0.000000 -1.000000
vn 0.000000 0.000000 -1.000000
vn -1.000000 0.000000 0.000000
vn -1.000000 0.000000 0.000000
vn -1.000000 0.000000 0.000000
vn -1.000000 0.000000 0.000000
vn 1.000000 -0.000000 -0.000000
vn 1.000000 -0.000000 -0.000000
vn 1.000000 -0.000000 -0.000000
vn 1.000000 -0.000000 -0.000000
f 1517/2087/1870 1518/2088/1871 1520/2089/1872
f 1520/2089/1872 1518/2088/1871 1519/2090/1873
f 1521/2091/1874 1517/2092/1875 1522/2093/1876
f 1522/2093/1876 1517/2092/1875 1520/2094/1877
f 1523/2095/1878 1521/2096/1879 1524/2097/1880
f 1524/2097/1880 1521/2096/1879 1522/2098/1881
f 1518/2099/1882 1523/2100/1883 1519/2101/1884
f 1519/2101/1884 1523/2100/1883 1524/2102/1885
f 1524/2103/1886 1522/2104/1887 1519/2105/1888
f 1519/2105/1888 1522/2104/1887 1520/2106/1889
f 1523/2107/1890 1518/2108/1891 1521/2109/1892
f 1521/2109/1892 1518/2108/1891 1517/2110/1893
# 1524 vertices
# 2110 texture params
# 1893 normals
# 3028 facets

# 6 groups
